time,pm10 ( ¦Ìg/m3),pm2_5 ( ¦Ìg/m3),carbon_monoxide ( ¦Ìg/m3),carbon_dioxide (ppm),nitrogen_dioxide ( ¦Ìg/m3),sulphur_dioxide ( ¦Ìg/m3),ozone ( ¦Ìg/m3,dust ( ¦Ìg/m3),uv_index ()
2025-01-08T00:00,8.1,6.4,166,444,6.8,2.4,89,2,0.2
2025-01-08T01:00,7.1,5.9,166,444,8.4,2.5,87,2,0
2025-01-08T02:00,6.1,5.1,166,445,10.6,2.6,83,1,0
2025-01-08T03:00,5.2,4.3,165,446,11.8,2.6,81,1,0
2025-01-08T04:00,4.3,3.6,158,445,11.1,2.4,81,1,0
2025-01-08T05:00,4,3.4,149,443,9.4,2.2,81,1,0
2025-01-08T06:00,4,3.5,146,444,7.9,2,82,1,0
2025-01-08T07:00,4.1,3.7,157,448,6.8,1.9,82,1,0
2025-01-08T08:00,4,3.7,174,455,5.8,2,82,0,0
2025-01-08T09:00,3.8,3.5,185,460,5.1,2,82,0,0
2025-01-08T10:00,3.5,3.3,181,463,4.7,2,81,0,0
2025-01-08T11:00,3.3,3.1,171,465,4.6,2.1,81,0,0
2025-01-08T12:00,5.2,5.1,174,468,5.6,2.2,79,0,0
2025-01-08T13:00,5.3,5.2,209,474,7.7,2.5,77,0,0
2025-01-08T14:00,5.4,5.2,256,481,10.5,2.9,74,0,0
2025-01-08T15:00,6,5.8,280,483,12.7,3.3,72,0,0
2025-01-08T16:00,6.7,6.5,255,474,13.6,3.7,71,0,0.3
2025-01-08T17:00,8.5,8.3,206,459,13.7,4.1,71,0,0.9
2025-01-08T18:00,10.8,10.4,168,448,13.6,4.4,73,0,1.75
2025-01-08T19:00,14.8,14.1,157,445,13,4.6,78,0,2.45
2025-01-08T20:00,20,19.1,158,445,12.2,4.7,86,0,2.65
2025-01-08T21:00,24.2,23.1,162,446,11.9,4.8,91,0,2.2
2025-01-08T22:00,26.5,25.3,95,445,11.8,4.7,93,0,1.45
2025-01-08T23:00,26.6,25.4,32,444,12.2,4.6,94,1,0.7
2025-01-09T00:00,55.1,53.6,187,449,35.3,7.5,88,0,0.15
2025-01-09T01:00,64.7,63.3,766,464,44.5,7.7,69,0,0
2025-01-09T02:00,79.4,78.2,1564,485,57.4,8.1,43,1,0
2025-01-09T03:00,63.3,62.2,2176,502,67.5,8.4,22,1,0
2025-01-09T04:00,53.2,52.2,2398,511,72.5,8.7,11,1,0
2025-01-09T05:00,53.4,52.5,2435,515,74.8,8.9,4,1,0
2025-01-09T06:00,64,63.3,2499,519,75.7,9.3,0,1,0
2025-01-09T07:00,80.8,80.3,2687,522,75.3,9.9,0,1,0
2025-01-09T08:00,97.1,96.6,2902,525,73.6,10.5,0,0,0
2025-01-09T09:00,107.1,106.9,3062,528,71.7,11,0,0,0
2025-01-09T10:00,109,108.5,3109,532,69.9,11.1,0,0,0
2025-01-09T11:00,109.2,108.7,3102,536,67.9,11,0,1,0
2025-01-09T12:00,144.8,144.4,3131,543,66.5,14.5,0,0,0
2025-01-09T13:00,140.6,140.2,3222,554,65.2,14.5,0,0,0
2025-01-09T14:00,138.8,138.3,3349,568,64,14.6,0,1,0
2025-01-09T15:00,138.8,138.3,3529,578,67.1,15.4,1,1,0
2025-01-09T16:00,142,141.6,3863,583,80.2,17.8,7,1,0.3
2025-01-09T17:00,182.1,180.7,4249,585,97.5,20.9,16,1,0.95
2025-01-09T18:00,234.2,231,4395,579,106.4,22.7,31,1,1.75
2025-01-09T19:00,209.5,204.4,4165,559,98.3,21.8,60,1,2.25
2025-01-09T20:00,157.9,151.3,3694,532,81.7,19.5,96,1,2.2
2025-01-09T21:00,124.3,119.2,3095,509,69.5,17.6,120,1,1.7
2025-01-09T22:00,122,117.6,2125,489,66.7,16.5,122,1,1.05
2025-01-09T23:00,111.3,107.6,1028,473,68.4,15.6,112,0,0.5
2025-01-10T00:00,335.3,328.8,648,482,274.4,51.7,45,0,0.15
2025-01-10T01:00,229.1,223.5,1689,539,268.9,49.9,39,0,0
2025-01-10T02:00,178.3,174.6,3446,619,259.4,47.2,31,0,0
2025-01-10T03:00,147.6,145.3,4654,672,238.7,42.6,25,0,0
2025-01-10T04:00,120.6,119.2,4700,669,197.1,34.8,23,0,0
2025-01-10T05:00,102.4,100.8,4196,638,144.4,25.2,24,0,0
2025-01-10T06:00,92.9,91.5,3713,608,102.4,17.4,25,0,0
2025-01-10T07:00,88.5,87.3,3438,587,81.1,13.1,25,0,0
2025-01-10T08:00,82.4,81.3,3185,567,70.5,10.6,26,0,0
2025-01-10T09:00,76.6,75.2,2963,552,62.6,8.9,27,0,0
2025-01-10T10:00,69.8,68.5,2753,544,54.4,7.6,31,0,0
2025-01-10T11:00,66.8,65.4,2574,540,49,7.1,36,0,0
2025-01-10T12:00,61.9,60.5,2496,539,44.7,6.8,33,0,0
2025-01-10T13:00,64,62.4,2580,540,49,7.3,27,0,0
2025-01-10T14:00,69.6,68,2766,544,55,8,18,0,0
2025-01-10T15:00,79.6,78.2,2937,548,60.5,9.2,15,0,0
2025-01-10T16:00,96.2,95,3054,552,65.8,11.2,19,0,0.3
2025-01-10T17:00,130.4,129,3156,556,70.7,13.7,29,0,1
2025-01-10T18:00,134.1,130.9,3250,554,71.7,15.6,43,0,1.9
2025-01-10T19:00,133.2,128.5,3373,542,62,16.1,67,0,2.55
2025-01-10T20:00,108.7,103.1,3488,524,48.5,16.1,95,0,2.55
2025-01-10T21:00,123.4,117.1,3490,511,48.6,17.1,111,0,1.9
2025-01-10T22:00,135,129,3263,504,75.7,20.8,104,0,1.15
2025-01-10T23:00,187.7,182.1,2924,501,116.4,25.7,84,0,0.55
2025-01-11T00:00,174.2,169,2719,509,134.2,27,72,0,0.15
2025-01-11T01:00,163.4,159.3,2820,537,146.2,25.7,51,0,0
2025-01-11T02:00,159.7,156,3055,575,162.2,23.8,22,0,0
2025-01-11T03:00,147.6,144.4,3151,602,170.7,22.7,1,0,0
2025-01-11T04:00,151.8,148.1,2982,611,164.7,23.1,0,0,0
2025-01-11T05:00,168.1,164.4,2674,608,151.2,24.1,0,0,0
2025-01-11T06:00,183,179.3,2331,599,139.1,24.7,0,0,0
2025-01-11T07:00,195.6,192.3,1942,579,131.7,24.2,0,0,0
2025-01-11T08:00,203,200.2,1518,553,125.7,23.3,0,0,0
2025-01-11T09:00,205.4,202.6,1191,530,120.9,22.4,0,0,0
2025-01-11T10:00,197,194.6,1037,516,117.7,21.7,0,0,0
2025-01-11T11:00,183.5,181.1,980,507,115.7,21.1,0,0,0
2025-01-11T12:00,156,154.1,929,500,117.4,20.2,0,0,0
2025-01-11T13:00,141.1,139.2,851,495,112.1,20,0,0,0
2025-01-11T14:00,128.5,126.7,780,492,104.8,19.9,0,0,0
2025-01-11T15:00,120.6,119.2,720,490,99.8,20,0,0,0
2025-01-11T16:00,117.8,116.6,681,488,100.2,20.7,5,0,0.3
2025-01-11T17:00,123.4,122,653,486,102.7,21.7,12,0,0.95
2025-01-11T18:00,130.4,128.1,619,483,102.3,22.6,22,0,1.85
2025-01-11T19:00,86.1,81.7,542,477,93.7,23.2,39,0,2.55
2025-01-11T20:00,74.3,70.3,458,469,82.1,23.6,58,0,2.7
2025-01-11T21:00,75,71.2,456,467,77.5,24.1,70,0,2.2
2025-01-11T22:00,90.3,85.7,603,473,88,25.1,69,0,1.45
2025-01-11T23:00,99.2,95.5,831,485,105.5,26,61,0,0.7
2025-01-12T00:00,94.3,91.7,1027,498,91.4,21.2,60,0,0.2
2025-01-12T01:00,87.8,85.9,1189,515,89.3,18.7,49,0,0
2025-01-12T02:00,65.9,64.7,1319,533,85.9,15.2,35,0,0
2025-01-12T03:00,44.6,43.9,1303,541,79.5,12.5,26,0,0
2025-01-12T04:00,25.3,24.9,1013,529,68,11.4,29,0,0
2025-01-12T05:00,15.5,15.3,577,507,53.5,11.2,38,0,0
2025-01-12T06:00,13.4,13.1,268,490,41.1,10.9,46,0,0
2025-01-12T07:00,12.3,12,229,485,32.3,10.3,51,0,0
2025-01-12T08:00,10.7,10.4,316,484,25.4,9.7,56,0,0
2025-01-12T09:00,9.5,9.3,373,485,20.7,9.3,59,0,0
2025-01-12T10:00,9.2,8.9,327,485,17.7,9,60,0,0
2025-01-12T11:00,9.1,8.8,250,487,16.8,8.9,60,0,0
2025-01-12T12:00,62.2,62.2,205,490,55.9,11.5,17,0,0
2025-01-12T13:00,52.7,52.5,224,497,55.1,11.5,17,0,0
2025-01-12T14:00,50.9,50.5,275,506,53.6,11.4,18,0,0
2025-01-12T15:00,40.3,39.9,316,511,50.5,11.3,22,0,0
2025-01-12T16:00,31.1,30.7,336,510,44.4,11.1,31,0,0.3
2025-01-12T17:00,25.9,25.5,346,505,36.6,10.8,43,0,0.95
2025-01-12T18:00,20.7,20.1,342,497,30,10.4,55,0,1.75
2025-01-12T19:00,20.9,20,309,485,25.1,9.8,69,0,2.35
2025-01-12T20:00,31,29.8,261,471,21.4,9,83,0,2.45
2025-01-12T21:00,43.3,41.8,240,462,20.2,8.6,93,0,1.95
2025-01-12T22:00,54,52.2,251,458,21.2,8.6,97,0,1.2
2025-01-12T23:00,58.6,56.6,289,459,24.6,8.9,95,0,0.55
2025-01-13T00:00,31.3,30,374,469,23.1,8.7,88,0,0.2
2025-01-13T01:00,47.1,46.1,565,495,39.2,9.3,66,0,0
2025-01-13T02:00,50.9,49.9,805,529,61.2,10.2,35,0,0
2025-01-13T03:00,53.7,53,941,555,76.9,10.9,12,0,0
2025-01-13T04:00,55.5,54.9,885,566,80.3,11.4,4,0,0
2025-01-13T05:00,54.9,54.5,726,568,77.4,11.8,3,0,0
2025-01-13T06:00,51.3,51,575,565,73.7,11.7,4,0,0
2025-01-13T07:00,48,47.7,466,555,70.6,10.9,4,0,0
2025-01-13T08:00,44.8,44.6,366,538,66.7,9.8,5,0,0
2025-01-13T09:00,44.1,43.9,283,523,63,8.7,6,0,0
2025-01-13T10:00,44.8,44.6,213,509,59.9,7.9,7,0,0
2025-01-13T11:00,43.1,43,161,496,57.1,7.2,9,0,0
2025-01-13T12:00,14.4,14.3,148,490,51.1,6.2,16,0,0
2025-01-13T13:00,12,11.7,201,499,47.2,6.1,21,0,0
2025-01-13T14:00,10.2,9.8,293,515,41.8,5.9,28,0,0
2025-01-13T15:00,10,9.6,367,525,36.4,5.8,35,0,0
2025-01-13T16:00,11.9,11.6,409,522,31.8,6,42,0,0.3
2025-01-13T17:00,13.3,13,434,513,27.3,6.3,50,0,0.85
2025-01-13T18:00,11.2,10.8,427,501,22.8,6.3,57,0,1.55
2025-01-13T19:00,9.7,9.4,363,486,17.7,5.9,65,0,2.15
2025-01-13T20:00,9.6,9.3,267,468,12.7,5.2,74,0,2.3
2025-01-13T21:00,9.7,9.5,199,456,9.4,4.7,79,0,2.05
2025-01-13T22:00,9.8,9.5,167,450,7.5,4.4,82,0,1.35
2025-01-13T23:00,9.6,9.3,163,450,7.5,4.4,82,0,0.7
2025-01-14T00:00,7.5,7.3,223,458,12,4.7,75,0,0.2
2025-01-14T01:00,10.9,10.8,423,483,25.8,5.6,58,0,0
2025-01-14T02:00,16.2,16.1,687,518,44.6,6.8,35,0,0
2025-01-14T03:00,14.6,14.5,827,539,57.1,7.6,18,0,0
2025-01-14T04:00,11.6,11.6,720,535,57.5,7.5,15,0,0
2025-01-14T05:00,10,9.9,490,518,51.5,7,19,0,0
2025-01-14T06:00,9.7,9.7,315,506,45.8,6.5,23,0,0
2025-01-14T07:00,10.4,10.4,278,506,42.3,6.1,24,0,0
2025-01-14T08:00,11,11,298,510,39,5.7,25,0,0
2025-01-14T09:00,11.6,11.6,304,510,36,5.4,26,0,0
2025-01-14T10:00,12,11.9,258,500,32.5,5.1,27,0,0
2025-01-14T11:00,11.6,11.5,200,486,29.4,4.9,29,0,0
2025-01-14T12:00,8.2,8.1,178,480,29.3,4.9,29,0,0
2025-01-14T13:00,8.1,8,228,490,33.4,5.2,24,0,0
2025-01-14T14:00,8.4,8.3,316,508,39,5.7,18,0,0
2025-01-14T15:00,10.7,10.6,384,520,42.6,6.3,16,0,0
2025-01-14T16:00,14,13.8,416,519,42.9,7.1,20,0,0.3
2025-01-14T17:00,17.2,17.1,429,512,41.1,8.1,28,0,0.85
2025-01-14T18:00,15.7,15.5,418,502,37.4,8.9,38,0,1.6
2025-01-14T19:00,12,11.7,362,489,30.4,9.6,52,0,2.2
2025-01-14T20:00,9.2,8.8,282,473,21.4,10.3,68,0,2.4
2025-01-14T21:00,8,7.7,231,462,15.2,10.6,79,0,2.1
2025-01-14T22:00,7.7,7.4,225,459,12.6,10.5,84,0,1.45
2025-01-14T23:00,7.4,7.2,248,461,12.7,10.1,86,0,0.75
2025-01-15T00:00,7.1,6.8,305,470,17.4,8.6,78,0,0.2
2025-01-15T01:00,10,9.7,428,490,27.2,8.3,64,0,0
2025-01-15T02:00,12.9,12.7,585,517,40.9,8,45,0,0
2025-01-15T03:00,12.9,12.6,686,537,52.5,7.9,29,0,0
2025-01-15T04:00,13.8,13.5,687,545,60.3,8.4,18,0,0
2025-01-15T05:00,15.8,15.5,632,547,66,9.1,9,0,0
2025-01-15T06:00,17.2,17,565,543,68.6,9.4,3,0,0
2025-01-15T07:00,17.5,17.3,494,530,66.8,8.9,2,0,0
2025-01-15T08:00,17.3,17.2,410,510,61.9,8.1,3,0,0
2025-01-15T09:00,16.2,16.1,338,496,57,7.3,5,0,0
2025-01-15T10:00,14.8,14.8,276,490,52.6,6.8,6,0,0
2025-01-15T11:00,13.6,13.5,225,489,48.1,6.4,8,0,0
2025-01-15T12:00,11.6,11.5,208,492,44.3,6.1,10,0,0
2025-01-15T13:00,11.1,11,247,500,44.6,6.4,9,0,0
2025-01-15T14:00,11.3,11.1,320,512,44.9,6.7,9,0,0
2025-01-15T15:00,13.8,13.6,381,519,44.8,7.3,11,0,0
2025-01-15T16:00,17.4,17.2,419,519,44.7,8.1,16,0,0.3
2025-01-15T17:00,22,21.8,445,514,44.2,9.1,23,0,0.9
2025-01-15T18:00,21.1,20.6,441,506,41.5,10,33,0,1.7
2025-01-15T19:00,15.8,15.1,381,493,33.9,10.6,49,0,2.35
2025-01-15T20:00,11.8,11.2,291,477,24,11.1,68,0,2.55
2025-01-15T21:00,10.3,9.7,233,466,17.9,11.5,81,0,2.2
2025-01-15T22:00,9.8,9.2,226,463,17.6,11.9,84,0,1.5
2025-01-15T23:00,9.7,9.2,250,465,21,12.1,81,0,0.75
2025-01-16T00:00,10.4,10.3,314,474,29.8,10.5,68,0,0.2
2025-01-16T01:00,16.6,16.4,456,494,39.9,10.4,52,0,0
2025-01-16T02:00,19.8,19.6,637,520,53.8,10.3,31,0,0
2025-01-16T03:00,20.8,20.6,746,540,64.7,10.5,14,0,0
2025-01-16T04:00,23.1,22.9,720,551,69.7,11.4,6,0,0
2025-01-16T05:00,26.9,26.7,621,557,71.6,12.6,3,0,0
2025-01-16T06:00,27.8,27.7,524,556,72,13.1,2,0,0
2025-01-16T07:00,26,26,451,545,71.1,12.4,1,0,0
2025-01-16T08:00,23.6,23.5,380,528,68.8,10.9,2,0,0
2025-01-16T09:00,21.4,21.4,323,515,65.9,9.6,3,0,0
2025-01-16T10:00,19.8,19.7,281,508,62.4,8.5,3,0,0
2025-01-16T11:00,18.5,18.4,254,505,58.3,7.6,3,0,0
2025-01-16T12:00,15,15,253,505,55.5,6.9,5,0,0
2025-01-16T13:00,14.9,14.8,299,512,55.1,7.2,3,0,0
2025-01-16T14:00,15.2,15.1,371,523,54.5,7.7,1,0,0
2025-01-16T15:00,18.3,18.3,425,529,54.3,8.6,2,0,0
2025-01-16T16:00,23.2,23.2,445,525,55.5,10,6,0,0.3
2025-01-16T17:00,28.9,28.8,446,515,57,11.7,13,0,0.85
2025-01-16T18:00,26.2,26,429,504,56,13.5,23,0,1.6
2025-01-16T19:00,19.2,18.6,380,493,50,15.9,38,0,2.2
2025-01-16T20:00,16.8,15.9,314,481,41.4,18.3,55,1,2.4
2025-01-16T21:00,15.7,14.6,271,473,35.4,19.5,66,1,2.1
2025-01-16T22:00,15.1,13.6,263,470,32.9,18.2,68,1,1.45
2025-01-16T23:00,14.5,12.7,280,472,32.9,15.6,63,2,0.75
2025-01-17T00:00,14.5,12.1,329,480,28.4,14.5,57,1,0.25
2025-01-17T01:00,15.4,13.3,440,498,41.6,14.8,40,1,0
2025-01-17T02:00,21.4,19.2,584,523,59.8,15.2,17,1,0
2025-01-17T03:00,28.5,26.1,684,542,72.9,15.8,0,1,0
2025-01-17T04:00,33.2,30.9,704,551,76,16.7,0,1,0
2025-01-17T05:00,33.8,31.7,680,554,74,17.7,0,0,0
2025-01-17T06:00,34.9,33.2,645,554,72.4,18.4,0,0,0
2025-01-17T07:00,34.3,32.7,608,552,73.1,18.4,0,0,0
2025-01-17T08:00,34,32.4,559,548,74,18,0,0,0
2025-01-17T09:00,33.8,32,501,541,74.6,17.6,0,0,0
2025-01-17T10:00,32.6,30.9,420,530,74.4,17.3,0,0,0
2025-01-17T11:00,31,29.2,331,516,73.8,17.1,0,0,0
2025-01-17T12:00,29.6,28.1,276,505,71.7,14.5,0,0,0
2025-01-17T13:00,28.3,26.6,289,502,72.1,15.5,0,0,0
2025-01-17T14:00,27.1,25.1,336,503,72.2,16.9,0,0,0
2025-01-17T15:00,28.4,25.9,362,500,69.6,18.1,1,0,0
2025-01-17T16:00,30.6,27.9,338,489,62.1,18.9,8,0,0.2
2025-01-17T17:00,28.6,24.3,294,474,51.8,19.6,18,0,0.65
2025-01-17T18:00,26.3,21.9,259,463,42.6,19.8,29,0,1.3
2025-01-17T19:00,23.7,19.3,248,460,35.2,19.4,41,0,2.05
2025-01-17T20:00,23.2,18.8,246,460,28.9,18.5,53,0,2.7
2025-01-17T21:00,22.9,18.6,248,461,25.3,18.1,61,0,2.45
2025-01-17T22:00,23.1,18.7,248,461,24.5,18.4,64,0,1.75
2025-01-17T23:00,23.2,19.1,250,462,26.5,19.1,63,0,0.85
2025-01-18T00:00,15.4,13.4,264,465,22.7,17.5,63,0,0.25
2025-01-18T01:00,16.4,14.5,300,471,33.4,17.7,51,0,0
2025-01-18T02:00,20.6,19,347,478,48.5,18.1,34,0,0
2025-01-18T03:00,23.2,21.2,382,486,61.4,18.9,20,0,0
2025-01-18T04:00,25.3,23.3,398,494,70.2,20.7,11,0,0
2025-01-18T05:00,28.8,26.7,402,502,76.8,23,4,0,0
2025-01-18T06:00,34.6,32.2,397,507,81.2,24.4,0,0,0
2025-01-18T07:00,40.2,37.8,382,506,82.5,24.1,0,0,0
2025-01-18T08:00,37.4,35.2,358,503,81.6,22.9,0,0,0
2025-01-18T09:00,34.1,32.1,331,499,80.3,21.7,0,0,0
2025-01-18T10:00,32.2,30.4,290,496,79.4,20.7,0,0,0
2025-01-18T11:00,31.3,29.4,245,492,78.1,19.7,0,0,0
2025-01-18T12:00,29.3,27.5,234,494,75.8,17.9,0,0,0
2025-01-18T13:00,29.3,27.8,293,507,74.5,17.7,0,0,0
2025-01-18T14:00,30,28.6,385,524,72.5,17.5,0,0,0
2025-01-18T15:00,33.8,32.6,438,531,69.5,18.1,1,0,0
2025-01-18T16:00,39,38.3,409,515,65,20.1,8,0,0.3
2025-01-18T17:00,39.5,38.8,340,489,59.6,22.8,18,1,1
2025-01-18T18:00,31.7,28.3,287,469,54.1,25,29,1,2
2025-01-18T19:00,29.3,25.1,270,464,48.4,26.2,41,1,2.8
2025-01-18T20:00,27.8,23.7,269,466,42.8,26.8,55,1,3.1
2025-01-18T21:00,26.7,23,274,469,38.7,26.6,64,1,2.7
2025-01-18T22:00,25.5,22.1,283,471,36.6,25.4,68,1,1.85
2025-01-18T23:00,23.8,20.7,300,474,36.1,23.5,69,1,0.9
2025-01-19T00:00,16.5,15.4,323,478,28.1,19.5,65,1,0.25
2025-01-19T01:00,16.1,15.2,348,480,34.5,18.5,55,1,0
2025-01-19T02:00,16.8,16,381,483,43.7,17.1,42,0,0
2025-01-19T03:00,19.2,18.5,437,495,53,16.3,29,0,0
2025-01-19T04:00,24.8,24.1,542,524,62.6,17,18,0,0
2025-01-19T05:00,30.2,29.5,669,561,72.3,18.3,7,0,0
2025-01-19T06:00,33.5,33.1,759,591,78.5,18.6,0,0,0
2025-01-19T07:00,38,37.4,783,606,78.8,17.1,0,0,0
2025-01-19T08:00,41.4,41,770,613,75.5,14.6,0,0,0
2025-01-19T09:00,41.9,41.4,741,616,72.3,12.4,0,0,0
2025-01-19T10:00,40,39.7,694,617,70.3,11,0,0,0
2025-01-19T11:00,38.1,37.8,633,615,68.3,9.9,0,0,0
2025-01-19T12:00,40.4,40.2,588,611,66.8,11.2,0,0,0
2025-01-19T13:00,38.6,38.4,576,605,64.6,11.1,0,0,0
2025-01-19T14:00,38.5,38.3,581,596,61.4,10.9,0,0,0
2025-01-19T15:00,45.3,45.1,587,586,58.9,11.6,0,0,0
2025-01-19T16:00,57,56.9,597,574,58.5,13.6,8,0,0.3
2025-01-19T17:00,60.5,60.3,608,560,58.7,16.4,20,0,1
2025-01-19T18:00,29.3,28.9,598,546,56.1,18.8,32,0,1.9
2025-01-19T19:00,24.6,24.2,549,531,48.1,20.4,45,0,2.7
2025-01-19T20:00,21.7,21.4,479,516,37.3,21.7,58,0,3.05
2025-01-19T21:00,20,19.6,417,502,28.4,22.1,68,0,2.7
2025-01-19T22:00,19,18.6,366,490,21.2,21.3,76,0,1.85
2025-01-19T23:00,18.2,17.6,322,479,15.7,19.7,81,1,0.95
2025-01-20T00:00,22.1,21.3,303,473,15.8,17.1,72,1,0.25
2025-01-20T01:00,21.1,20.4,327,474,20,16.2,66,1,0
2025-01-20T02:00,21.3,20.5,377,480,26.1,14.9,57,0,0
2025-01-20T03:00,22.1,21.4,417,487,32.8,13.8,48,0,0
2025-01-20T04:00,22.6,21.9,438,496,41.1,13,38,0,0
2025-01-20T05:00,23.9,23.3,449,506,50.1,12.5,28,0,0
2025-01-20T06:00,25,24.3,444,511,55.7,12.5,21,0,0
2025-01-20T07:00,26.1,25.4,416,506,54.4,13.2,22,0,0
2025-01-20T08:00,26.2,25.3,371,496,49.8,14.4,28,0,0
2025-01-20T09:00,27,26,329,487,48.3,15.9,29,0,0
2025-01-20T10:00,29.6,28.8,287,481,54.1,17.9,21,0,0
2025-01-20T11:00,32.4,31.7,247,476,63.1,20.1,9,0,0
2025-01-20T12:00,35.5,34.7,232,475,55.7,25.6,14,1,0
2025-01-20T13:00,36.9,36,258,483,57.9,25.1,9,1,0
2025-01-20T14:00,39.3,38.4,309,495,60.7,24.5,2,1,0
2025-01-20T15:00,48.8,48,356,504,61.2,23.6,1,1,0
2025-01-20T16:00,59.8,59.1,397,507,57.7,22.8,8,1,0.35
2025-01-20T17:00,40.4,39.8,434,506,51.8,21.8,21,1,1.05
2025-01-20T18:00,29.3,28.4,441,501,45.3,20,35,1,2
2025-01-20T19:00,20,18.9,396,490,38.4,16.9,52,1,2.85
2025-01-20T20:00,16.1,15,322,475,30.9,13.1,71,1,3.15
2025-01-20T21:00,12.6,11.3,258,462,24.1,9.7,85,1,2.75
2025-01-20T22:00,9,8,195,451,16.7,7.1,94,1,1.95
2025-01-20T23:00,6.4,5.8,143,443,10,5,99,0,1
2025-01-21T00:00,8.6,7.5,174,446,8.5,3.5,96,0,0.3
2025-01-21T01:00,9.5,8.8,385,473,18.7,4.4,83,0,0
2025-01-21T02:00,13,12.3,678,512,32.6,5.5,64,0,0
2025-01-21T03:00,13.9,13.2,832,534,41.5,6.3,52,0,0
2025-01-21T04:00,12.7,12.1,705,522,40.6,6.3,52,0,0
2025-01-21T05:00,11.8,11.2,440,493,34.7,5.9,57,0,0
2025-01-21T06:00,11.8,11.2,238,471,29,5.5,62,0,0
2025-01-21T07:00,11.9,11.4,190,465,25,5.1,64,0,0
2025-01-21T08:00,11.4,10.9,206,466,21.1,4.7,65,0,0
2025-01-21T09:00,10.6,10.1,220,468,18.3,4.4,66,0,0
2025-01-21T10:00,9.6,9.2,204,471,16.1,4.2,67,0,0
2025-01-21T11:00,8.9,8.5,187,476,15,4.1,67,0,0
2025-01-21T12:00,7.9,7.7,187,481,15,4.3,63,0,0
2025-01-21T13:00,8.1,7.8,221,486,21.6,4.7,54,0,0
2025-01-21T14:00,8.6,8.3,272,491,30.6,5.4,42,0,0
2025-01-21T15:00,10.7,10.5,313,493,37.4,6.1,34,0,0
2025-01-21T16:00,13.9,13.7,336,491,40.4,7,33,0,0.35
2025-01-21T17:00,17.9,17.8,347,486,41,8,36,0,1.1
2025-01-21T18:00,16.3,15.9,343,481,39.2,8.7,42,0,2.15
2025-01-21T19:00,13,12.4,309,474,33.2,8.8,55,0,3.05
2025-01-21T20:00,11.4,10.8,258,466,24.6,8.6,71,0,3.4
2025-01-21T21:00,10.3,9.8,226,461,18.3,8.4,83,0,3.05
2025-01-21T22:00,9.8,9.3,224,460,14.6,8.3,89,0,2.1
2025-01-21T23:00,9.4,8.9,242,462,13.1,8.3,91,0,1.05
2025-01-22T00:00,7.6,7.4,279,467,17.2,8.3,84,0,0.3
2025-01-22T01:00,11.5,11.4,351,477,32.4,8.2,64,0,0
2025-01-22T02:00,15.6,15.5,443,491,53.3,8.1,36,0,0
2025-01-22T03:00,16.5,16.5,511,505,68.8,8.2,14,0,0
2025-01-22T04:00,19.8,19.7,539,522,74.2,8.8,4,0,0
2025-01-22T05:00,21,20.9,542,538,74.2,9.6,1,0,0
2025-01-22T06:00,20.7,20.7,525,546,72.1,9.9,0,0,0
2025-01-22T07:00,20.3,20.3,480,537,68.2,9.4,0,0,0
2025-01-22T08:00,19.2,19.1,414,519,62.2,8.4,3,0,0
2025-01-22T09:00,17.4,17.4,352,504,56.8,7.5,5,0,0
2025-01-22T10:00,15.4,15.4,292,497,52.8,6.8,7,0,0
2025-01-22T11:00,13.2,13.2,235,494,49.4,6.3,9,0,0
2025-01-22T12:00,10.7,10.6,211,495,50.1,5.8,11,0,0
2025-01-22T13:00,9.1,9,242,502,49.9,6,10,0,0
2025-01-22T14:00,8.4,8.4,306,513,49.5,6.4,9,0,0
2025-01-22T15:00,10.1,10,368,520,49.1,7,10,0,0
2025-01-22T16:00,13.2,13.2,429,521,49,8.1,12,0,0.3
2025-01-22T17:00,18.7,18.7,487,520,48.8,9.3,15,0,1
2025-01-22T18:00,18.4,18.4,507,514,47.2,10.3,22,0,1.95
2025-01-22T19:00,15.2,15.1,452,502,42.4,10.7,37,0,2.7
2025-01-22T20:00,12.9,12.8,357,486,36.1,10.7,56,0,3
2025-01-22T21:00,11.1,10.9,296,476,32.1,10.7,69,0,2.7
2025-01-22T22:00,10,9.8,290,474,31,10.8,74,0,1.9
2025-01-22T23:00,9.7,9.5,318,477,32.2,11,74,0,0.95
2025-01-23T00:00,14.7,14.3,380,485,27.3,8.3,79,0,0.3
2025-01-23T01:00,12.5,12.3,519,503,35.3,8.1,66,0,0
2025-01-23T02:00,13,12.8,693,525,46.6,7.9,49,0,0
2025-01-23T03:00,12,11.8,782,540,56.3,7.8,33,0,0
2025-01-23T04:00,12.2,12.1,706,540,63.6,7.9,21,0,0
2025-01-23T05:00,12.5,12.4,545,533,69.3,8,11,0,0
2025-01-23T06:00,13,12.9,412,525,71.7,8,5,0,0
2025-01-23T07:00,13.3,13.3,355,520,69.2,7.6,4,0,0
2025-01-23T08:00,13.2,13.2,326,514,63.5,7,6,0,0
2025-01-23T09:00,12.4,12.3,297,508,57.1,6.4,9,0,0
2025-01-23T10:00,11.1,11,248,498,50,6,14,0,0
2025-01-23T11:00,9.6,9.5,199,488,42.4,5.6,20,0,0
2025-01-23T12:00,7.9,7.8,180,483,36.9,5.4,28,0,0
2025-01-23T13:00,7,7,209,488,38.1,5.6,29,0,0
2025-01-23T14:00,6.7,6.7,269,498,39.6,5.8,30,0,0
2025-01-23T15:00,8.4,8.3,334,507,40.1,6.2,33,0,0
2025-01-23T16:00,10.7,10.6,413,515,39.4,6.7,39,0,0.35
2025-01-23T17:00,12.1,12,497,523,37.6,7.3,47,0,1.15
2025-01-23T18:00,10.9,10.6,536,524,34.5,7.8,57,0,2.25
2025-01-23T19:00,8.8,8.4,492,515,28.6,8.3,69,0,3.15
2025-01-23T20:00,7.4,7,403,500,21.4,8.7,83,0,3.5
2025-01-23T21:00,6.4,6,334,488,16.3,8.9,92,0,3.15
2025-01-23T22:00,5.6,5.4,300,480,13.8,8.7,97,0,2.15
2025-01-23T23:00,5.5,5.3,287,476,13.5,8.3,97,0,1.1
2025-01-24T00:00,8,8,317,478,25.6,9.8,83,0,0.35
2025-01-24T01:00,9.7,9.6,435,494,31.5,9.3,73,0,0
2025-01-24T02:00,10.4,10.4,595,517,39.9,8.5,59,0,0
2025-01-24T03:00,10.5,10.4,688,532,48.6,8.1,45,0,0
2025-01-24T04:00,11.8,11.7,649,532,58.1,8.3,32,0,0
2025-01-24T05:00,13.4,13.4,541,525,67.7,8.7,18,0,0
2025-01-24T06:00,15.1,15.1,447,517,73.5,9,9,0,0
2025-01-24T07:00,16.3,16.3,397,512,72.8,8.9,6,0,0
2025-01-24T08:00,16.6,16.6,359,507,68.2,8.6,6,0,0
2025-01-24T09:00,16.1,16.1,324,502,63.4,8.2,7,0,0
2025-01-24T10:00,15.3,15.2,277,497,59.2,7.7,8,0,0
2025-01-24T11:00,14.1,14,232,493,54.8,7.1,9,0,0
2025-01-24T12:00,11.1,11.1,218,493,51,6.3,11,0,0
2025-01-24T13:00,10.3,10.2,260,503,50.9,6.5,9,0,0
2025-01-24T14:00,10.2,10.2,334,518,50.8,6.9,6,0,0
2025-01-24T15:00,12.8,12.7,391,526,50.4,7.6,7,0,0
2025-01-24T16:00,17,16.9,420,522,49.8,8.6,13,0,0.35
2025-01-24T17:00,21.1,21.1,433,510,48.9,9.9,22,0,1.15
2025-01-24T18:00,18.6,18.5,420,498,47.1,11.5,32,0,2.2
2025-01-24T19:00,15.7,15.5,357,484,43.1,13.9,45,0,3.1
2025-01-24T20:00,14.1,14,268,468,38.2,16.6,60,0,3.45
2025-01-24T21:00,13.2,13,213,458,35.6,18.7,70,0,3.05
2025-01-24T22:00,13,12.8,210,457,35.9,19.7,72,0,2.1
2025-01-24T23:00,13.3,13.2,242,461,38.5,20.1,69,0,1.05
2025-01-25T00:00,27.4,25.9,311,472,48.5,19.5,55,2,0.3
2025-01-25T01:00,28.9,27.8,444,492,60,18.8,39,2,0
2025-01-25T02:00,33.9,32.8,614,518,75.7,17.9,16,1,0
2025-01-25T03:00,37,36.1,749,544,86.9,17.9,0,1,0
2025-01-25T04:00,40.3,39.2,833,572,89.2,20,0,1,0
2025-01-25T05:00,44.2,43.2,881,599,87,23,0,2,0
2025-01-25T06:00,51.2,50.1,867,608,84.8,24.9,0,2,0
2025-01-25T07:00,56.9,55.6,748,586,83.7,24.4,0,2,0
2025-01-25T08:00,57.2,55.8,567,545,82.6,22.8,0,2,0
2025-01-25T09:00,52.5,51,423,512,82.4,21.3,0,2,0
2025-01-25T10:00,47.5,45.6,356,495,84.2,20.4,0,2,0
2025-01-25T11:00,43.9,41.7,327,484,86.9,19.7,0,2,0
2025-01-25T12:00,40.6,38.1,316,479,86.7,18.1,0,3,0
2025-01-25T13:00,39,35.7,329,481,86.6,17.5,0,3,0
2025-01-25T14:00,38.8,34.6,361,489,85.9,16.7,0,4,0
2025-01-25T15:00,41.9,36.7,374,491,80.3,15.6,2,6,0
2025-01-25T16:00,45.1,38.5,347,482,65.8,14.1,18,12,0.3
2025-01-25T17:00,44.5,34.3,302,469,46.5,12.4,40,19,0.95
2025-01-25T18:00,44.7,29.3,265,458,30.6,10.7,58,22,1.45
2025-01-25T19:00,35.3,23.6,246,454,21.2,8.9,68,18,1.8
2025-01-25T20:00,27,18.9,235,453,15.1,7.1,74,11,1.95
2025-01-25T21:00,21,15.3,231,453,11.5,5.8,77,5,1.35
2025-01-25T22:00,17.7,13.2,238,452,10.1,5.4,79,3,0.85
2025-01-25T23:00,15.4,11.8,252,452,11,5.6,79,2,0.4
2025-01-26T00:00,17.1,13.3,263,452,12.3,6.1,76,0,0.2
2025-01-26T01:00,18.7,14.3,268,453,18.8,6.3,68,0,0
2025-01-26T02:00,17,13.7,270,454,27.9,6.5,56,0,0
2025-01-26T03:00,18.2,14.6,269,456,35.4,6.7,47,0,0
2025-01-26T04:00,18.3,15.1,263,457,39.9,6.7,42,0,0
2025-01-26T05:00,17.6,14.5,255,459,42.8,6.7,38,0,0
2025-01-26T06:00,18.5,15,247,461,43.8,6.5,37,0,0
2025-01-26T07:00,19.3,15.5,243,465,41.8,6,39,0,0
2025-01-26T08:00,20.4,16.4,240,470,37.9,5.4,42,0,0
2025-01-26T09:00,23.6,18.8,235,473,35.3,5.2,45,0,0
2025-01-26T10:00,24.1,19.3,222,472,34.9,5.7,46,0,0
2025-01-26T11:00,24.4,19.4,207,470,35.7,6.5,47,0,0
2025-01-26T12:00,16,13,199,468,33.3,8.5,37,0,0
2025-01-26T13:00,16.1,13.2,205,467,39.6,8.9,31,0,0
2025-01-26T14:00,14.4,11.8,219,467,48,9.4,23,0,0
2025-01-26T15:00,17.2,14.7,229,466,52.8,10.1,20,0,0
2025-01-26T16:00,20.3,18.2,233,464,51.1,11.2,25,0,0.2
2025-01-26T17:00,20.7,18.3,233,462,45.9,12.4,36,0,0.5
2025-01-26T18:00,19.4,15.9,229,459,39.8,12.9,46,0,0.8
2025-01-26T19:00,19.2,15.1,214,456,32.8,12,56,0,1.2
2025-01-26T20:00,18.6,14.3,194,452,25,10.4,67,1,1.1
2025-01-26T21:00,17.5,13.4,185,450,19.4,9.1,75,1,0.95
2025-01-26T22:00,19.4,14.6,194,451,15.6,8.6,80,1,1.05
2025-01-26T23:00,16,12.3,214,453,14,8.5,82,1,0.65
2025-01-27T00:00,14.7,11.7,234,456,20.6,7.5,76,0,0.1
2025-01-27T01:00,14.9,12.3,256,459,31.9,8,63,0,0
2025-01-27T02:00,17.9,15.6,279,463,47.5,8.7,44,0,0
2025-01-27T03:00,18.7,16.4,289,466,58.8,9.1,30,0,0
2025-01-27T04:00,19,16.6,276,466,61.7,9,25,0,0
2025-01-27T05:00,18.2,15.8,249,465,60.3,8.7,25,0,0
2025-01-27T06:00,17.5,15.1,228,465,58.4,8.4,25,0,0
2025-01-27T07:00,17.3,15.4,220,466,57.6,8.4,23,0,0
2025-01-27T08:00,17.2,15.8,217,468,56.2,8.5,21,0,0
2025-01-27T09:00,15.7,14.3,212,471,53.1,8.5,21,0,0
2025-01-27T10:00,13.6,12.3,197,474,45.8,8.1,26,0,0
2025-01-27T11:00,10.9,9.8,180,478,36.9,7.6,32,0,0
2025-01-27T12:00,11,9.9,184,483,35.2,7.3,33,0,0
2025-01-27T13:00,10,8.9,231,491,40.4,7.7,26,0,0
2025-01-27T14:00,10.4,9.4,299,499,47.3,8.2,17,0,0
2025-01-27T15:00,12.7,11.9,341,502,50.3,9,14,0,0
2025-01-27T16:00,16.1,15.3,330,493,45.9,10.2,23,0,0.3
2025-01-27T17:00,15.5,14.2,294,478,37.5,11.7,38,1,0.95
2025-01-27T18:00,14.8,12.6,260,466,30.1,12.5,52,2,1.7
2025-01-27T19:00,15.5,11.5,237,460,25.1,12.1,62,4,2.25
2025-01-27T20:00,16.1,11.1,217,457,21.1,11,70,6,2.3
2025-01-27T21:00,17,11.4,210,456,18.5,10.3,76,8,1.95
2025-01-27T22:00,18,11.8,212,456,15.9,10.4,82,9,1.5
2025-01-27T23:00,18.5,12,226,458,14.7,10.9,86,10,0.9
2025-01-28T00:00,11.9,8.2,275,466,17,8.8,86,6,0.3
2025-01-28T01:00,17.9,14.3,394,484,37.8,9.4,61,5,0
2025-01-28T02:00,24.5,21.5,549,507,66.2,10.2,25,4,0
2025-01-28T03:00,27,24.6,652,528,86.4,10.8,0,3,0
2025-01-28T04:00,26.8,24.9,665,545,90,10.8,0,3,0
2025-01-28T05:00,27.2,25.4,627,559,85.3,10.5,0,3,0
2025-01-28T06:00,28,26.1,572,564,81.2,10.4,0,3,0
2025-01-28T07:00,27.9,26,501,556,80.9,10.7,0,3,0
2025-01-28T08:00,30,28.1,414,539,81.3,11.1,0,2,0
2025-01-28T09:00,31.8,30.3,338,523,81,11.2,0,2,0
2025-01-28T10:00,29.8,28.6,278,510,79.7,10.8,0,2,0
2025-01-28T11:00,27.2,26.1,230,497,77.9,10.1,0,1,0
2025-01-28T12:00,16.1,15.5,213,490,58.9,6.3,7,1,0
2025-01-28T13:00,15.8,14.9,250,492,57.8,6.7,5,1,0
2025-01-28T14:00,15,14.3,317,500,56.3,7.2,4,1,0
2025-01-28T15:00,17.1,16.5,363,503,54.6,8,5,1,0
2025-01-28T16:00,20.3,19.6,362,496,53,8.8,11,2,0.3
2025-01-28T17:00,23.7,23.1,339,486,51.4,9.9,20,2,0.85
2025-01-28T18:00,22.2,20.3,317,477,49,11.7,30,3,1.7
2025-01-28T19:00,20.6,16.9,302,473,44.8,15.2,44,4,2.4
2025-01-28T20:00,22.4,18.3,288,472,40,19.6,59,5,2.7
2025-01-28T21:00,23.5,19.7,281,471,37.5,22.7,68,5,2.4
2025-01-28T22:00,22.9,19.7,274,469,37.8,23.3,69,5,1.75
2025-01-28T23:00,22.2,19.6,273,468,40.5,22.7,64,4,0.9
2025-01-29T00:00,11.1,11,306,472,29.3,16.8,65,0,0.3
2025-01-29T01:00,13.6,13.6,408,487,45.3,17.8,46,0,0
2025-01-29T02:00,25.9,25.8,544,508,67.3,19.2,19,0,0
2025-01-29T03:00,39.9,39.6,634,524,83.4,20.6,0,0,0
2025-01-29T04:00,41.1,40.5,643,532,87.8,22,0,0,0
2025-01-29T05:00,40,39.5,606,536,86.3,23.4,0,0,0
2025-01-29T06:00,39.3,38.9,552,533,84.5,23.9,0,0,0
2025-01-29T07:00,36.9,36.3,477,520,84.9,23.1,0,0,0
2025-01-29T08:00,33.6,33.1,383,501,85.1,21.5,0,0,0
2025-01-29T09:00,29.9,29.2,310,488,83.2,20,0,0,0
2025-01-29T10:00,27.1,26.3,268,487,77.2,18.9,3,0,0
2025-01-29T11:00,25.1,24.1,245,493,69,17.9,8,1,0
2025-01-29T12:00,30.7,29.9,248,500,62.8,12.3,0,0,0
2025-01-29T13:00,27.9,27.1,295,509,60.9,11.9,0,0,0
2025-01-29T14:00,25.9,25,366,519,58.2,11.4,0,0,0
2025-01-29T15:00,27.1,26,410,522,56.1,11.9,1,1,0.05
2025-01-29T16:00,30,28.9,396,509,55.9,14.1,9,2,0.3
2025-01-29T17:00,33.5,32.2,353,489,56.2,17.3,21,3,0.95
2025-01-29T18:00,28.3,25.3,319,474,54.3,20.4,33,4,1.8
2025-01-29T19:00,27.5,24.2,308,470,47.8,23.4,47,4,2.6
2025-01-29T20:00,25.1,22.2,305,471,39.2,26.2,61,3,3
2025-01-29T21:00,22.5,19.9,302,472,33,27.7,72,3,2.75
2025-01-29T22:00,21.2,18.9,283,469,29.4,27.1,78,3,2
2025-01-29T23:00,20.7,18.4,263,465,28.3,25.2,80,2,1.05
2025-01-30T00:00,27,23.9,281,468,25.4,26.4,76,4,0.35
2025-01-30T01:00,27.3,23.8,369,481,43.7,23.7,54,3,0.05
2025-01-30T02:00,29.2,26.2,495,500,68.9,20,23,3,0
2025-01-30T03:00,36,32.6,601,520,87,18,1,2,0
2025-01-30T04:00,46.4,43,679,544,90.9,19.1,0,2,0
2025-01-30T05:00,56.2,52.6,737,569,87.6,21.9,0,2,0
2025-01-30T06:00,64.3,60.5,745,582,84.9,24.2,0,2,0
2025-01-30T07:00,68.7,64.5,672,573,86.1,25.4,0,2,0
2025-01-30T08:00,70.1,65.7,549,552,87.8,26.1,0,2,0
2025-01-30T09:00,63.1,58.9,441,533,87.1,26.7,0,2,0
2025-01-30T10:00,52.7,48.9,367,520,81.9,27.1,4,2,0
2025-01-30T11:00,43.8,40.4,308,508,74.3,27.4,9,2,0
2025-01-30T12:00,66.8,63.6,275,500,86.1,32.4,0,2,0
2025-01-30T13:00,56.1,53.2,284,497,85.2,34,0,2,0
2025-01-30T14:00,49.4,47.1,320,498,83.7,36.2,0,1,0
2025-01-30T15:00,46.4,45.1,341,495,79.8,37.8,2,1,0
2025-01-30T16:00,48,46.6,330,486,71.9,38.2,9,1,0.15
2025-01-30T17:00,45.5,43.3,305,473,61.6,38,19,2,0.4
2025-01-30T18:00,36.7,33.9,282,464,52.8,37.2,28,2,0.65
2025-01-30T19:00,32,29.6,266,460,46.6,35.7,37,2,0.95
2025-01-30T20:00,33.4,31,252,458,41.9,33.7,46,2,1.1
2025-01-30T21:00,29.2,27.1,246,458,38.8,32.1,53,2,1.1
2025-01-30T22:00,28.6,26.5,240,458,36,31.2,59,2,0.95
2025-01-30T23:00,28.1,26.1,243,459,34.9,30.7,63,2,0.6
2025-01-31T00:00,22.3,21.2,283,466,36.3,29.5,58,1,0.3
2025-01-31T01:00,24.4,23.5,398,483,51,28.1,41,1,0.05
2025-01-31T02:00,32.5,31.8,551,505,71.2,26.2,19,1,0
2025-01-31T03:00,36.3,35.6,658,524,85.9,24.8,2,1,0
2025-01-31T04:00,37.7,37,682,538,89.8,24.8,0,1,0
2025-01-31T05:00,43.4,42.6,660,549,88.3,25.3,0,1,0
2025-01-31T06:00,54.2,53.4,622,555,86,25.3,0,1,0
2025-01-31T07:00,62.6,61.9,571,554,84.5,24.2,0,1,0
2025-01-31T08:00,68.9,68.5,503,549,82.2,22.5,0,0,0
2025-01-31T09:00,71.7,71.5,439,544,80,20.6,0,0,0
2025-01-31T10:00,71.2,71,375,541,77.9,18.2,0,0,0
2025-01-31T11:00,66.8,66.6,315,538,75.8,15.6,0,0,0
2025-01-31T12:00,23.2,22.9,292,538,70.2,7.9,0,0,0
2025-01-31T13:00,24.4,24.2,335,543,71.1,8.9,0,0,0
2025-01-31T14:00,25.7,25.4,415,551,72.2,10.2,0,0,0
2025-01-31T15:00,30,29.8,475,553,71.5,11.8,2,0,0.05
2025-01-31T16:00,36.8,36.4,495,544,68.1,13.6,11,0,0.4
2025-01-31T17:00,42,41.8,495,528,62.9,15.5,23,1,1.1
2025-01-31T18:00,28.3,27.2,481,514,57.1,17.3,35,1,2.1
2025-01-31T19:00,25.1,23.3,446,503,50.4,19.2,47,1,2.95
2025-01-31T20:00,23.2,21.2,396,492,43.1,20.9,60,1,3.15
2025-01-31T21:00,21.2,19.2,357,484,37.1,21.7,69,1,2.85
2025-01-31T22:00,19.8,17.7,327,478,31.1,20.7,76,1,2.15
2025-01-31T23:00,19,16.8,307,474,26.4,18.8,80,1,1.15
2025-02-01T00:00,20.7,18.6,324,475,22,10,77,2,0.35
2025-02-01T01:00,18.3,16.4,403,484,34.3,9.3,60,2,0.05
2025-02-01T02:00,20.6,18.8,519,498,51.5,8.5,36,1,0
2025-02-01T03:00,25.4,23.9,625,516,65.4,8.7,17,1,0
2025-02-01T04:00,32,30.5,711,541,73.1,11,8,1,0
2025-02-01T05:00,41.9,40.3,787,570,77.6,14.3,3,1,0
2025-02-01T06:00,52.2,50.5,831,588,79.7,16.4,0,1,0
2025-02-01T07:00,57.9,56.6,826,588,78.7,16.1,0,1,0
2025-02-01T08:00,58.1,57,789,577,75.3,14.7,0,1,0
2025-02-01T09:00,55.9,55.1,752,568,72.1,13.1,0,1,0
2025-02-01T10:00,55.3,54.7,724,565,70.1,11.6,0,1,0
2025-02-01T11:00,51.9,51.5,696,563,68.3,10,0,1,0
2025-02-01T12:00,25,24.5,670,560,58.6,7.2,3,0,0
2025-02-01T13:00,24.4,23.9,646,556,58.6,7.5,2,0,0
2025-02-01T14:00,24.7,24.1,625,550,58.6,8,0,1,0
2025-02-01T15:00,28.1,27.5,606,544,58.9,9.1,2,1,0.05
2025-02-01T16:00,32.9,32.4,597,536,60.2,11,9,2,0.4
2025-02-01T17:00,35.9,35.2,592,527,61.9,13.4,20,3,1.3
2025-02-01T18:00,32.1,30.4,571,518,62.4,16.1,31,3,2.5
2025-02-01T19:00,29.1,27.2,517,509,60.3,19.5,42,3,3.55
2025-02-01T20:00,28.9,27.1,449,499,57,23.3,53,2,3.95
2025-02-01T21:00,29.2,27.5,401,493,55.4,25.8,60,2,3.55
2025-02-01T22:00,29,27.2,383,491,55.9,26.1,61,2,2.5
2025-02-01T23:00,28.2,26.4,385,492,58,25.2,58,2,1.3
2025-02-02T00:00,12.8,12.2,419,497,20,6,69,1,0.45
2025-02-02T01:00,12.7,12.5,511,508,33.9,5.9,51,1,0.05
2025-02-02T02:00,13.6,13.5,634,524,53.2,5.9,25,0,0
2025-02-02T03:00,17.7,17.6,719,537,68.1,6.9,6,0,0
2025-02-02T04:00,25.5,25.4,739,547,74.2,9.9,0,0,0
2025-02-02T05:00,34.9,34.8,722,554,75.9,13.9,0,0,0
2025-02-02T06:00,42.4,42.3,682,556,76.4,16.7,0,0,0
2025-02-02T07:00,45.8,45.6,613,550,76.1,17.2,0,0,0
2025-02-02T08:00,45.9,45.6,522,538,74.5,16.6,0,1,0
2025-02-02T09:00,46.3,45.9,446,530,73.9,16.2,0,1,0
2025-02-02T10:00,46,45.5,394,527,75.8,16.8,0,1,0
2025-02-02T11:00,43.8,43.3,357,527,78.7,17.6,0,1,0
2025-02-02T12:00,21.9,21.5,341,529,52.7,6.7,0,0,0
2025-02-02T13:00,21.1,20.4,357,535,50.7,7.1,0,0,0
2025-02-02T14:00,22.2,21.5,394,542,48.1,7.7,0,1,0
2025-02-02T15:00,28.6,28,429,545,46.8,9.3,1,1,0.05
2025-02-02T16:00,39.7,39.2,461,538,48,12.5,6,1,0.45
2025-02-02T17:00,38.4,38,490,527,50.6,16.5,14,2,1.35
2025-02-02T18:00,29.6,28.6,498,516,52.9,20,22,2,2.6
2025-02-02T19:00,26.5,25.6,465,507,54.6,22.6,30,2,3.65
2025-02-02T20:00,26,25.1,410,498,56.1,24.7,39,1,4.05
2025-02-02T21:00,25.3,24.4,372,492,56.8,25.6,45,1,3.6
2025-02-02T22:00,23.7,23,357,489,55.3,24.9,48,1,2.55
2025-02-02T23:00,21.5,20.9,359,489,53.1,23,50,1,1.35
2025-02-03T00:00,14.7,14.2,400,495,28.7,10.1,49,0,0.45
2025-02-03T01:00,13.9,13.6,512,511,40.2,9.8,35,0,0.05
2025-02-03T02:00,17.6,17.3,664,533,56.1,9.3,17,0,0
2025-02-03T03:00,20.2,19.8,781,553,67.8,9.2,3,0,0
2025-02-03T04:00,21.1,20.7,844,573,71.3,9.8,0,0,0
2025-02-03T05:00,22.8,22.5,873,591,70.7,10.6,0,0,0
2025-02-03T06:00,26.5,26.3,855,599,69.7,11,0,0,0
2025-02-03T07:00,30,29.7,765,590,69.5,10.5,0,0,0
2025-02-03T08:00,32.1,31.9,629,572,68.9,9.4,0,0,0
2025-02-03T09:00,31.8,31.4,509,555,68.3,8.6,0,0,0
2025-02-03T10:00,30.6,30.3,419,543,68,8.1,0,0,0
2025-02-03T11:00,29.7,29.4,345,533,67.7,7.8,0,0,0
2025-02-03T12:00,21.1,20.8,307,528,60,7.8,0,0,0
2025-02-03T13:00,18.8,18.7,327,531,59.4,7.7,0,0,0
2025-02-03T14:00,18.7,18.7,383,539,58.5,7.7,0,0,0
2025-02-03T15:00,24.6,24.5,431,543,57.3,8.4,1,0,0.05
2025-02-03T16:00,33.1,33.1,458,538,56.5,10.5,9,0,0.45
2025-02-03T17:00,33.5,33.5,477,529,55.4,13.2,20,0,1.4
2025-02-03T18:00,22.2,22,483,521,52,15.1,32,0,2.7
2025-02-03T19:00,17,16.7,472,516,44.1,15.5,45,0,3.8
2025-02-03T20:00,14.7,14.3,449,511,33.8,15.1,58,0,4.15
2025-02-03T21:00,12.6,12.2,417,505,25.4,14.1,67,0,3.8
2025-02-03T22:00,10.2,9.8,359,492,19.8,12.3,71,0,2.65
2025-02-03T23:00,8.6,8.1,293,477,16.1,9.9,72,0,1.3
2025-02-04T00:00,15.3,14.5,281,471,20.3,8.4,63,0,0.45
2025-02-04T01:00,15.6,14.8,372,480,30.2,8,50,0,0.05
2025-02-04T02:00,17.3,16.6,518,499,44,7.6,31,0,0
2025-02-04T03:00,19,18.2,633,518,55.3,7.4,16,0,0
2025-02-04T04:00,20.2,19.4,688,538,62.8,8,7,0,0
2025-02-04T05:00,22.1,21.4,712,559,67.9,8.8,1,0,0
2025-02-04T06:00,23.5,22.9,708,571,68.4,9.1,0,0,0
2025-02-04T07:00,18.4,17.6,666,567,60.3,8.2,8,0,0
2025-02-04T08:00,15.8,14.8,594,554,47.5,6.7,21,0,0
2025-02-04T09:00,16.1,15.2,524,541,39.6,5.7,28,0,0
2025-02-04T10:00,17.2,16.4,459,531,41.8,5.4,24,0,0
2025-02-04T11:00,18.5,17.5,394,521,48.8,5.5,15,0,0
2025-02-04T12:00,29.1,28.3,349,514,72.8,12.4,0,0,0
2025-02-04T13:00,31.8,30.9,337,511,74.1,14.1,0,0,0
2025-02-04T14:00,35.6,34.7,344,510,75.7,16.6,0,0,0
2025-02-04T15:00,44.4,43.4,345,506,75.2,19.2,1,0,0.05
2025-02-04T16:00,57.6,57.3,330,497,71.7,22.5,8,0,0.5
2025-02-04T17:00,39.9,39.5,309,486,66.1,25.9,19,0,1.45
2025-02-04T18:00,30.9,29.6,285,476,59.3,27.4,30,0,2.6
2025-02-04T19:00,25.3,23.7,257,470,50.3,25.4,44,0,3.75
2025-02-04T20:00,21.7,20.3,227,465,40.1,21.4,58,0,4.3
2025-02-04T21:00,19.7,17.9,205,462,32.5,18,68,0,3.7
2025-02-04T22:00,18.9,16.6,194,459,29.1,16.1,70,0,2.35
2025-02-04T23:00,18.7,15.9,191,457,28.2,14.8,67,0,1.2
2025-02-05T00:00,13,12.3,197,456,20.8,10.9,62,0,0.2
2025-02-05T01:00,12.8,12.1,220,458,23.1,10.9,58,0,0
2025-02-05T02:00,12.5,11.8,251,462,26.2,10.8,52,0,0
2025-02-05T03:00,12,11.4,269,465,29.2,10.8,47,0,0
2025-02-05T04:00,12,11.3,261,465,31.8,10.8,43,0,0
2025-02-05T05:00,13.4,12.2,240,463,34.2,10.7,39,0,0
2025-02-05T06:00,13,11.9,221,462,35.5,10.6,37,0,0
2025-02-05T07:00,12.9,11.9,211,461,34.9,10.2,36,0,0
2025-02-05T08:00,13.1,12,203,461,33.2,9.8,37,0,0
2025-02-05T09:00,13.4,12.4,195,460,32,9.5,37,0,0
2025-02-05T10:00,12.9,11.9,183,459,31.5,9.6,36,0,0
2025-02-05T11:00,13,11.9,172,458,31.6,9.9,35,0,0
2025-02-05T12:00,10.5,9.7,171,459,26,8.9,43,0,0
2025-02-05T13:00,11.1,10.2,186,462,31.5,9.4,36,0,0
2025-02-05T14:00,11.8,10.9,212,468,39.3,10.1,26,0,0
2025-02-05T15:00,13.7,13,243,473,45.8,11,19,0,0
2025-02-05T16:00,16.2,15.7,288,480,50.7,12.2,15,0,0.1
2025-02-05T17:00,17.6,17.2,339,486,54.3,13.6,13,0,0.25
2025-02-05T18:00,17.8,17.4,364,489,54.6,14.5,14,0,0.6
2025-02-05T19:00,16.1,15.1,340,483,49.2,14.6,22,0,1.1
2025-02-05T20:00,17.1,15.2,290,473,40.4,14.3,33,0,1.65
2025-02-05T21:00,14.7,12.9,254,466,33.5,13.7,42,0,1.7
2025-02-05T22:00,12.7,11,233,462,29.2,12.7,47,0,1.25
2025-02-05T23:00,12.8,11.1,227,461,26.7,11.5,50,0,0.7
2025-02-06T00:00,18.3,16.2,272,468,40.4,16.5,35,0,0.25
2025-02-06T01:00,23.3,20.6,418,491,49.8,17.3,25,0,0
2025-02-06T02:00,26.6,24.6,616,522,62.7,18.4,10,0,0
2025-02-06T03:00,30,27.9,759,547,72,19.7,0,0,0
2025-02-06T04:00,33.2,31,804,561,74.3,21.2,0,0,0
2025-02-06T05:00,35.7,33.6,795,569,73,22.8,0,0,0
2025-02-06T06:00,38.3,36.7,757,569,71.8,23.9,0,0,0
2025-02-06T07:00,39,37.8,688,560,71.8,24.2,0,0,0
2025-02-06T08:00,36,34.9,589,543,71.9,24.1,0,0,0
2025-02-06T09:00,29.9,28.3,493,526,71.6,23.5,0,0,0
2025-02-06T10:00,26.7,25,401,510,70.7,22.4,0,0,0
2025-02-06T11:00,25,23.5,312,494,69.5,20.9,0,0,0
2025-02-06T12:00,26.5,25.6,248,482,62.4,19.1,1,0,0
2025-02-06T13:00,25.4,24.7,228,476,63.4,18.6,0,0,0
2025-02-06T14:00,22.9,22.2,234,475,64.7,18,0,0,0
2025-02-06T15:00,25.1,24.6,238,472,64,17.6,1,0,0
2025-02-06T16:00,27.2,26.6,230,467,60.6,17.9,3,0,0.15
2025-02-06T17:00,22.2,21.7,221,461,55.2,18.3,7,0,0.4
2025-02-06T18:00,16.9,16.5,212,456,48.5,18.1,15,0,0.75
2025-02-06T19:00,14.1,13.7,202,453,39.1,16.4,30,0,3.05
2025-02-06T20:00,11.8,11.2,193,452,28.2,14,48,0,3.8
2025-02-06T21:00,11.5,10.1,189,451,20.8,12.1,61,0,3.4
2025-02-06T22:00,10.6,9.1,192,451,19,11.1,65,0,2.1
2025-02-06T23:00,10.9,9.3,200,452,20.5,10.6,64,0,0.55
2025-02-07T00:00,17.3,15,212,454,30.8,12.4,49,0,0.15
2025-02-07T01:00,17.9,15.1,234,457,34.4,11.6,44,0,0
2025-02-07T02:00,18.2,15.7,260,460,39.5,10.4,36,0,0
2025-02-07T03:00,14.7,12.9,275,463,43.6,9.3,30,0,0
2025-02-07T04:00,11.3,10.1,270,464,46.6,8.4,25,0,0
2025-02-07T05:00,9.1,8.1,254,464,48.6,7.7,21,0,0
2025-02-07T06:00,8.3,7.5,236,463,48.2,6.9,19,0,0
2025-02-07T07:00,8,7.2,218,460,43.6,6.1,20,0,0
2025-02-07T08:00,7.5,6.7,198,457,36.6,5.2,23,0,0
2025-02-07T09:00,7.1,6.3,182,454,30.7,4.6,25,0,0
2025-02-07T10:00,7.1,6.1,171,453,26.6,4.2,26,0,0
2025-02-07T11:00,7.1,6.1,165,452,23.6,3.9,26,0,0
2025-02-07T12:00,9.3,7.9,168,454,27.1,4.6,26,0,0
2025-02-07T13:00,9.3,7.8,187,459,32.6,5.5,19,0,0
2025-02-07T14:00,8.8,7.7,216,466,39.9,6.7,11,0,0
2025-02-07T15:00,10.7,9.8,236,470,44,8,7,0,0
2025-02-07T16:00,13,12.2,242,469,42.4,9.5,11,0,0.15
2025-02-07T17:00,8.7,8,240,466,37.5,11,21,0,0.65
2025-02-07T18:00,11.6,10.5,232,462,31.9,11.8,32,0,2.1
2025-02-07T19:00,12.9,10.8,215,457,25.5,11.4,47,0,3.25
2025-02-07T20:00,13.9,11.1,193,452,18.4,10.4,64,0,3.7
2025-02-07T21:00,13.2,10.4,180,449,13.4,9.4,77,0,3.55
2025-02-07T22:00,12.5,10,174,447,10.9,8.8,83,0,2.65
2025-02-07T23:00,11.4,9.2,176,448,10.5,8.4,85,0,1.45
2025-02-08T00:00,14.2,11.4,208,453,18.2,8.6,73,0,0.35
2025-02-08T01:00,13.3,10.9,287,465,31.6,8.8,56,0,0.05
2025-02-08T02:00,15,13.1,396,481,50.3,9.1,33,0,0
2025-02-08T03:00,18.2,16.8,497,500,65.3,9.9,15,0,0
2025-02-08T04:00,22.2,20.9,591,524,73.1,11.3,6,0,0
2025-02-08T05:00,28.6,27.3,678,551,77.3,13.1,2,0,0
2025-02-08T06:00,30.4,28.8,724,568,79.7,14.9,0,0,0
2025-02-08T07:00,32.5,30,707,568,80.3,16.7,0,0,0
2025-02-08T08:00,34,30.5,648,558,79,18.5,0,0,0
2025-02-08T09:00,36.2,32.6,581,547,77.4,19.5,0,0,0
2025-02-08T10:00,38,34.8,499,534,76.1,19.2,0,0,0
2025-02-08T11:00,38.3,35.6,409,519,74.6,18.2,0,0,0
2025-02-08T12:00,33.3,31.2,356,511,74.3,16.5,0,1,0
2025-02-08T13:00,31.7,29.8,382,517,72.2,15.7,0,1,0
2025-02-08T14:00,30.5,28.8,445,530,69.1,14.7,0,1,0
2025-02-08T15:00,31.4,30,471,532,64.6,14,4,1,0.05
2025-02-08T16:00,31.7,30.9,413,513,58.2,14.2,13,1,0.55
2025-02-08T17:00,27.1,25.7,319,483,50.6,14.8,26,2,1.65
2025-02-08T18:00,22.6,19.8,250,462,43,14.9,38,2,3.1
2025-02-08T19:00,20,17.1,239,457,35.5,14,50,2,4.35
2025-02-08T20:00,17.3,14.8,254,461,28.1,12.7,61,1,4.75
2025-02-08T21:00,15,12.7,266,464,22.6,11.2,69,1,4.3
2025-02-08T22:00,13.6,11.6,252,462,18.3,9.6,73,1,3.15
2025-02-08T23:00,13,11.1,236,460,15.9,8,73,1,1.7
2025-02-09T00:00,24,20.7,259,464,33.5,15.4,54,2,0.55
2025-02-09T01:00,23.1,19.8,365,479,43,13.2,41,2,0.05
2025-02-09T02:00,23.5,21.1,510,500,56.2,10.3,23,1,0
2025-02-09T03:00,22.6,21.1,606,517,65.9,8,9,1,0
2025-02-09T04:00,22.3,21.4,609,526,68.8,7.2,3,1,0
2025-02-09T05:00,23.2,22.6,563,531,68.4,7.1,1,1,0
2025-02-09T06:00,25.6,25.2,511,533,67.5,7.2,0,1,0
2025-02-09T07:00,27.3,27,466,530,67.6,7.5,0,1,0
2025-02-09T08:00,28.1,27.8,415,523,67.3,8,0,0,0
2025-02-09T09:00,26.2,26,367,516,65.5,8.3,0,0,0
2025-02-09T10:00,23.7,23.6,318,509,61.2,8.2,2,0,0
2025-02-09T11:00,20.9,20.8,272,501,55.5,7.8,4,0,0
2025-02-09T12:00,14.8,14.6,251,497,44.8,7,6,0,0
2025-02-09T13:00,13.2,13.1,272,500,42.1,6.9,5,0,0
2025-02-09T14:00,12.4,12.3,318,505,38.3,6.9,3,0,0
2025-02-09T15:00,13.8,13.7,355,508,35.5,7.2,4,0,0.05
2025-02-09T16:00,16.7,16.6,377,504,34.8,8.1,8,0,0.55
2025-02-09T17:00,20.1,20,391,497,35,9.3,15,0,1.55
2025-02-09T18:00,19.1,18.9,387,489,34.8,10.5,25,0,2.95
2025-02-09T19:00,17.5,17,346,480,33.3,11.9,40,0,4.1
2025-02-09T20:00,16.4,15.8,287,471,31.3,13.3,57,0,4.6
2025-02-09T21:00,15.8,15.4,255,466,30.1,14,69,0,4.15
2025-02-09T22:00,15.8,15.4,263,467,28.6,13.7,73,0,2.95
2025-02-09T23:00,15.5,15,297,473,27.7,12.7,71,1,1.6
2025-02-10T00:00,18.7,18.5,362,483,43.2,17,56,0,0.55
2025-02-10T01:00,19,18.8,477,497,52.9,14.9,41,0,0.05
2025-02-10T02:00,20.2,19.9,623,515,66.4,12.1,21,0,0
2025-02-10T03:00,20,19.7,744,535,76.5,10.2,6,0,0
2025-02-10T04:00,23.2,22.8,828,562,80.2,10.2,1,0,0
2025-02-10T05:00,24,23.6,888,590,80.5,11.2,0,0,0
2025-02-10T06:00,27.4,27.1,907,607,80.2,12.4,0,0,0
2025-02-10T07:00,31.8,31.4,869,603,79.6,13.5,0,0,0
2025-02-10T08:00,36.1,35.7,790,586,78.2,14.8,0,0,0
2025-02-10T09:00,38.9,38.4,701,569,77.8,15.9,0,0,0
2025-02-10T10:00,40.7,40.5,598,554,79.5,16.6,0,0,0
2025-02-10T11:00,40.9,40.7,486,538,82.1,17.1,0,0,0
2025-02-10T12:00,36.4,36.2,405,525,73.9,13.2,0,0,0
2025-02-10T13:00,36.8,36.8,385,519,73.3,13.8,0,0,0
2025-02-10T14:00,37.1,37.1,398,517,72.1,14.7,0,0,0
2025-02-10T15:00,40.2,40,398,511,69,15.7,1,0,0.05
2025-02-10T16:00,43.5,43.3,364,498,63,17.3,11,0,0.5
2025-02-10T17:00,41.6,40.9,318,482,55.1,19.1,25,0,1.35
2025-02-10T18:00,28.3,25.8,281,469,47.1,19.8,40,0,2.25
2025-02-10T19:00,23.8,21.2,262,463,38.3,18.5,55,0,3.25
2025-02-10T20:00,21.7,19.1,253,460,29.3,16.2,71,0,3.65
2025-02-10T21:00,20,17.6,245,458,23.8,14.7,81,0,3.4
2025-02-10T22:00,19.3,16.8,227,454,22.2,14.8,86,0,2.35
2025-02-10T23:00,19.3,17.1,210,452,24.2,15.6,86,0,1.15
2025-02-11T00:00,12.8,10.7,225,454,17.8,11.5,85,1,0.45
2025-02-11T01:00,14.1,12.1,308,467,30.2,12,69,1,0.05
2025-02-11T02:00,17.6,15.9,421,486,47.2,12.7,47,0,0
2025-02-11T03:00,20.1,18.3,484,497,59.6,13.9,31,0,0
2025-02-11T04:00,19.8,17.6,444,493,62.5,16,27,0,0
2025-02-11T05:00,21.9,19.6,352,482,60.7,18.4,29,1,0
2025-02-11T06:00,22.9,20.3,282,474,59.2,19.9,30,1,0
2025-02-11T07:00,25,22.6,266,472,60.6,19.6,26,1,0
2025-02-11T08:00,24.4,22.2,272,474,62.4,18.4,21,0,0
2025-02-11T09:00,24,22,276,476,61.9,17.2,19,0,0
2025-02-11T10:00,23.5,21.7,265,480,56.4,16.3,22,0,0
2025-02-11T11:00,22.5,20.6,253,485,48.7,15.5,28,1,0
2025-02-11T12:00,13.7,11.8,254,490,37.7,10.7,43,0,0
2025-02-11T13:00,13.1,10.8,287,495,40.3,10.9,40,0,0
2025-02-11T14:00,13.3,11.1,335,500,43.8,11.3,35,0,0
2025-02-11T15:00,15.6,13.5,356,499,45.1,12,34,0,0.05
2025-02-11T16:00,18.2,16.1,325,487,42.7,13.3,39,0,0.25
2025-02-11T17:00,17.3,14.9,269,470,38.2,14.8,48,0,0.65
2025-02-11T18:00,16.4,14,226,457,33.6,15.8,56,0,1.2
2025-02-11T19:00,15.6,13.1,213,454,28.9,16,63,0,1.7
2025-02-11T20:00,15.4,12.8,215,455,24.1,15.6,70,0,2.4
2025-02-11T21:00,14.3,12.2,220,457,20.6,15,75,0,2.45
2025-02-11T22:00,12.6,11.1,212,456,17.6,14,81,0,1.9
2025-02-11T23:00,11.6,10.5,208,455,15.9,12.7,85,1,1
2025-02-12T00:00,11.8,10.3,251,461,13.5,10.1,87,1,0.4
2025-02-12T01:00,10.6,9.4,389,480,33.5,9.8,63,1,0.05
2025-02-12T02:00,15.3,14.4,572,506,61,9.5,30,1,0
2025-02-12T03:00,23.5,22.5,700,527,81.3,9.9,5,1,0
2025-02-12T04:00,35.2,34,725,540,87.2,11.9,0,1,0
2025-02-12T05:00,43.5,42.5,694,548,85.9,14.6,0,1,0
2025-02-12T06:00,44.6,43.3,641,548,84.1,16.3,0,1,0
2025-02-12T07:00,44.2,42.8,566,536,83.9,15.9,0,1,0
2025-02-12T08:00,44,42.5,469,515,83.2,14.5,0,1,0
2025-02-12T09:00,41.1,39.8,387,499,82.4,12.9,0,1,0
2025-02-12T10:00,35.3,34.6,324,489,81.7,11.1,0,1,0
2025-02-12T11:00,30.5,29.9,275,483,80.9,9.2,0,0,0
2025-02-12T12:00,37.6,36.4,260,483,85.6,16.5,0,1,0
2025-02-12T13:00,35.7,34.6,304,495,88.8,17,0,1,0
2025-02-12T14:00,32.1,30.9,383,514,92.9,17.7,0,1,0
2025-02-12T15:00,34,32.4,439,525,93.4,18.4,1,1,0
2025-02-12T16:00,32.8,31.2,452,520,87.9,19.6,7,1,0.15
2025-02-12T17:00,24.6,22.6,443,508,78.8,20.8,17,1,0.3
2025-02-12T18:00,21.3,19.2,419,495,68.4,20.8,27,1,0.55
2025-02-12T19:00,17.8,15.7,372,483,55.3,18.6,40,1,0.75
2025-02-12T20:00,13.7,12,311,472,40.9,15.2,54,0,0.95
2025-02-12T21:00,12.4,10.8,270,464,31.5,12.7,63,0,0.95
2025-02-12T22:00,11.9,10.4,265,462,29.8,11.8,64,0,0.5
2025-02-12T23:00,12.6,11.1,281,464,33.1,11.6,59,0,0.25
2025-02-13T00:00,16.1,14,301,467,40.7,10.4,49,0,0.1
2025-02-13T01:00,15.4,13.7,327,470,44.9,10.3,43,0,0
2025-02-13T02:00,15.1,13.7,359,474,50.8,10.3,36,0,0
2025-02-13T03:00,14.3,13.1,377,477,55,10.2,30,0,0
2025-02-13T04:00,14.1,12.9,374,478,56.5,10.2,27,0,0
2025-02-13T05:00,13.7,12.5,357,477,56.4,10.1,27,0,0
2025-02-13T06:00,13,11.9,335,475,54.7,10,27,0,0
2025-02-13T07:00,13,11.8,306,471,50.6,9.7,29,0,0
2025-02-13T08:00,12.8,11.6,272,467,44.9,9.4,33,0,0
2025-02-13T09:00,12.6,11.4,245,463,39.6,9.1,36,0,0
2025-02-13T10:00,11.6,10.4,228,461,34.3,8.9,39,0,0
2025-02-13T11:00,10.8,9.7,217,460,29.4,8.6,42,0,0
2025-02-13T12:00,9.8,8.8,216,460,29.5,7.8,40,0,0
2025-02-13T13:00,9.3,8.4,228,463,32.6,7.7,37,0,0
2025-02-13T14:00,8.7,7.6,248,467,36.7,7.5,33,0,0
2025-02-13T15:00,10.7,9.3,268,470,38.7,7.2,32,0,0
2025-02-13T16:00,14,12,289,472,37,6.7,36,0,0.15
2025-02-13T17:00,15,12.4,309,473,33.1,6.1,43,0,0.25
2025-02-13T18:00,13.9,11.1,313,472,28.7,5.4,50,0,0.45
2025-02-13T19:00,11.8,9.2,286,467,23.2,4.7,57,0,0.3
2025-02-13T20:00,11.2,9,243,460,17.2,3.9,64,0,0.25
2025-02-13T21:00,10.1,8.1,212,455,13.5,3.4,68,0,0.25
2025-02-13T22:00,10,7.9,204,453,14.2,3.4,67,0,0.2
2025-02-13T23:00,10,7.8,208,453,17.2,3.6,63,0,0.15
2025-02-14T00:00,8.4,7,214,453,18.2,4.5,61,0,0.05
2025-02-14T01:00,7,6,222,454,19.1,4.1,60,0,0
2025-02-14T02:00,6.5,5.4,232,456,20.3,3.4,59,0,0
2025-02-14T03:00,6.8,5.6,235,458,20.8,3,59,0,0
2025-02-14T04:00,7.4,6.1,226,459,20.2,2.9,59,0,0
2025-02-14T05:00,8.8,7.1,211,459,19,3,61,0,0
2025-02-14T06:00,10.6,8.3,198,459,17.4,3,62,0,0
2025-02-14T07:00,10.7,8.4,192,459,15.3,2.9,64,0,0
2025-02-14T08:00,11.3,8.5,188,458,12.8,2.8,66,0,0
2025-02-14T09:00,10.6,7.9,185,458,10.7,2.7,69,0,0
2025-02-14T10:00,11.8,8.5,176,458,8.6,2.6,74,0,0
2025-02-14T11:00,10.5,7.7,169,459,6.9,2.5,79,0,0
2025-02-14T12:00,10.5,7.9,179,463,15.5,3.7,61,0,0
2025-02-14T13:00,10.1,7.6,229,474,18,3.9,61,0,0
2025-02-14T14:00,10.8,8.2,298,488,21.2,4.2,60,0,0
2025-02-14T15:00,12.6,10,335,494,22.5,4.5,62,0,0.05
2025-02-14T16:00,13.4,10.5,311,484,20.2,4.8,67,0,0.4
2025-02-14T17:00,12.5,9.6,257,467,16,5.1,75,0,1.1
2025-02-14T18:00,11.7,8.9,212,453,12.2,5.2,81,0,2.05
2025-02-14T19:00,10.2,7.8,191,448,9.5,4.9,86,0,3.1
2025-02-14T20:00,8.1,6.3,181,446,7.3,4.3,90,0,3.55
2025-02-14T21:00,6.6,5.3,177,446,6,3.8,92,0,3.25
2025-02-14T22:00,5.9,4.7,175,445,4.9,3.4,94,0,2.35
2025-02-14T23:00,5.5,4.4,180,445,4.6,3.1,95,0,1.25
2025-02-15T00:00,7.3,5.7,205,448,8.9,3.5,87,0,0.5
2025-02-15T01:00,8,6.4,273,458,16.9,3.7,77,0,0.1
2025-02-15T02:00,9.9,8.4,362,470,28.3,4,63,1,0
2025-02-15T03:00,13.5,11.8,419,480,39.7,4.5,48,1,0
2025-02-15T04:00,15.5,14.1,415,484,50.9,5.1,33,1,0
2025-02-15T05:00,16.5,15.2,379,484,62.2,5.9,17,1,0
2025-02-15T06:00,19.7,18.3,344,483,70.5,6.6,6,1,0
2025-02-15T07:00,22.9,21.7,320,481,74.8,7.3,1,1,0
2025-02-15T08:00,25.3,24.3,296,477,76.2,7.9,0,0,0
2025-02-15T09:00,25.9,25.1,276,474,75.4,8.3,0,0,0
2025-02-15T10:00,24.7,24,254,471,71.6,8.3,2,0,0
2025-02-15T11:00,22.4,21.8,236,470,65.5,8,6,0,0
2025-02-15T12:00,21.6,20.4,237,472,55.6,8.9,11,1,0
2025-02-15T13:00,18.5,17.6,279,483,53.4,8.6,10,1,0
2025-02-15T14:00,16.5,15.7,340,499,50.3,8.3,9,0,0
2025-02-15T15:00,16.5,15.9,376,506,47.1,8.3,11,0,0.1
2025-02-15T16:00,18,17.5,361,497,44,8.7,18,0,0.6
2025-02-15T17:00,18.7,17.9,319,479,40.9,9.5,27,1,1.6
2025-02-15T18:00,18.8,17.2,283,465,38.2,10.7,38,1,2.85
2025-02-15T19:00,18.8,16.5,258,459,35.7,12.9,52,1,4
2025-02-15T20:00,18.7,16.5,238,457,33.6,15.6,67,1,4.45
2025-02-15T21:00,18,16,233,457,33.1,17.3,76,1,3.9
2025-02-15T22:00,18,16.2,233,458,34,17.6,77,1,2.65
2025-02-15T23:00,18,16.5,249,461,36.5,16.9,73,1,1.5
2025-02-16T00:00,17.1,15.7,321,472,35.3,15.9,69,0,0.6
2025-02-16T01:00,16.2,15.8,513,499,47.9,13.8,51,0,0.1
2025-02-16T02:00,18.3,17.9,762,533,65.2,10.9,26,0,0
2025-02-16T03:00,18.7,18.4,914,558,77.2,8.7,7,0,0
2025-02-16T04:00,19.8,19.6,887,564,78.6,7.9,0,0,0
2025-02-16T05:00,21.9,21.7,764,560,74.8,7.9,0,0,0
2025-02-16T06:00,24.9,24.5,640,553,71.5,8.1,0,0,0
2025-02-16T07:00,27.9,27.5,543,542,71.3,8.4,0,0,0
2025-02-16T08:00,29.4,29.1,446,528,71.6,9,0,0,0
2025-02-16T09:00,28.5,28.2,365,516,71,9.2,0,0,0
2025-02-16T10:00,26,25.8,299,507,68.6,8.9,1,0,0
2025-02-16T11:00,23,22.8,249,500,65.4,8.2,2,0,0
2025-02-16T12:00,19.6,19.4,233,499,56.2,6.8,4,0,0
2025-02-16T13:00,16.8,16.6,273,508,53.7,6.6,3,0,0
2025-02-16T14:00,14.8,14.6,347,523,50.3,6.5,2,0,0
2025-02-16T15:00,15.6,15.4,408,532,47.8,6.8,4,0,0.1
2025-02-16T16:00,18.5,18.2,444,529,47.5,7.9,10,0,0.6
2025-02-16T17:00,22.9,22.6,467,521,48.1,9.5,18,0,1.65
2025-02-16T18:00,22.8,21.9,472,512,48.1,11,27,0,2.9
2025-02-16T19:00,21.5,20.2,447,505,46.2,12.5,40,0,3.85
2025-02-16T20:00,19.6,18,404,498,43.6,13.9,54,0,4.2
2025-02-16T21:00,18.7,17.3,372,493,42.8,14.9,62,0,3.75
2025-02-16T22:00,18.5,17.2,347,488,44.4,15.2,62,0,2.65
2025-02-16T23:00,18.6,17.5,333,484,47.8,15.1,56,0,1.5
2025-02-17T00:00,25.5,25.1,371,488,59,19.7,50,0,0.55
2025-02-17T01:00,27.8,27.5,513,506,68.6,18.4,35,0,0.1
2025-02-17T02:00,31,30.6,708,532,81.6,16.8,15,0,0
2025-02-17T03:00,35.9,35.3,835,552,90.3,15.9,0,0,0
2025-02-17T04:00,41.6,40.9,842,561,90.7,16.8,0,0,0
2025-02-17T05:00,48,47.1,782,563,86.8,18.5,0,0,0
2025-02-17T06:00,56.2,55.4,698,559,82.8,19.4,0,0,0
2025-02-17T07:00,63.1,62.4,585,546,80.1,18.8,0,0,0
2025-02-17T08:00,62.2,61.5,448,527,77.5,17.3,0,1,0
2025-02-17T09:00,58.7,58.1,349,513,75,15.8,0,1,0
2025-02-17T10:00,55.2,54.7,318,508,72.9,14.1,0,1,0
2025-02-17T11:00,50.8,50.4,325,508,71.1,12.4,0,1,0
2025-02-17T12:00,37.7,37.1,344,510,76.9,13.2,0,1,0
2025-02-17T13:00,33.3,32.6,381,518,74.2,13,0,1,0
2025-02-17T14:00,30,29.4,430,528,70.4,12.9,0,1,0
2025-02-17T15:00,31.3,30.7,452,530,67.1,13.6,2,1,0.1
2025-02-17T16:00,34.1,33.6,419,517,64.7,15.7,11,1,0.55
2025-02-17T17:00,35.6,35,359,496,62.8,18.7,24,2,1.45
2025-02-17T18:00,32,30.7,313,480,61.9,21.7,36,2,2.6
2025-02-17T19:00,32.6,31,297,475,61.6,24.9,47,2,3.55
2025-02-17T20:00,34,32.5,296,475,62.3,28.2,58,1,3.9
2025-02-17T21:00,34.7,33.4,306,477,65,30.6,63,1,3.55
2025-02-17T22:00,35.4,34.3,321,479,70.4,31.7,62,1,2.6
2025-02-17T23:00,35.3,34.3,348,482,77.9,31.9,55,1,1.45
2025-02-18T00:00,31.8,29.6,402,490,50.2,23.6,66,0,0.55
2025-02-18T01:00,30.3,27.7,507,505,64.2,22.9,46,0,0.1
2025-02-18T02:00,35.2,33.1,639,525,83.3,22.1,20,0,0
2025-02-18T03:00,48.1,45.8,745,544,96.7,21.6,0,0,0
2025-02-18T04:00,54.4,51.9,819,565,98.8,22.2,0,0,0
2025-02-18T05:00,56.8,54.1,868,584,95.2,23.3,0,1,0
2025-02-18T06:00,60.1,57.5,855,590,91.4,23.4,0,1,0
2025-02-18T07:00,56.6,54.5,739,571,89.2,21.7,0,1,0
2025-02-18T08:00,55.2,53.3,562,537,86.9,19.1,0,1,0
2025-02-18T09:00,51.6,49.9,414,509,85.1,17,0,1,0
2025-02-18T10:00,47,45.3,328,494,84.4,16.1,0,1,0
2025-02-18T11:00,43.4,41.7,270,484,84.3,15.8,0,2,0
2025-02-18T12:00,35.4,33.3,233,477,77.5,10.1,0,1,0
2025-02-18T13:00,35.5,33.6,219,472,76.1,10.5,0,1,0
2025-02-18T14:00,34.9,32.9,226,470,73.9,11.1,0,1,0
2025-02-18T15:00,38.2,36.1,236,468,69.9,12.2,3,1,0.1
2025-02-18T16:00,40.3,38.5,245,466,62.7,14.4,13,2,0.55
2025-02-18T17:00,36.1,32.8,257,464,53.7,17.1,28,2,1.55
2025-02-18T18:00,31.5,26.9,264,463,45.9,19,41,3,2.75
2025-02-18T19:00,28.5,23.8,258,462,40.5,19.7,53,3,3.95
2025-02-18T20:00,26.3,22.1,247,462,36.4,19.6,64,4,4.4
2025-02-18T21:00,24.3,20.7,248,463,33.1,18.7,72,4,4
2025-02-18T22:00,22.9,19.8,259,466,29,16.8,78,4,3.05
2025-02-18T23:00,20.9,18.5,283,470,25.7,14.1,80,3,1.8
2025-02-19T00:00,28.1,24.4,342,479,32.9,14.9,70,4,0.55
2025-02-19T01:00,26.5,23.8,478,497,41.9,13.1,57,4,0.1
2025-02-19T02:00,29,26.5,649,520,54.4,10.7,39,3,0
2025-02-19T03:00,29.9,27.9,756,537,64.8,9.2,24,3,0
2025-02-19T04:00,32.4,30.9,747,544,70.9,9.6,13,3,0
2025-02-19T05:00,36.9,35.5,674,546,74.9,10.9,5,2,0
2025-02-19T06:00,41.9,40.5,595,546,77.3,11.9,0,2,0
2025-02-19T07:00,44,42.8,524,545,78.2,12.2,0,2,0
2025-02-19T08:00,39.5,38.4,446,541,77.4,12.3,0,1,0
2025-02-19T09:00,34.8,34,373,535,75.2,12,0,1,0
2025-02-19T10:00,30.7,30.2,301,525,71,11.2,1,1,0
2025-02-19T11:00,26.6,26,235,512,65.3,10.2,2,1,0
2025-02-19T12:00,23.9,23.6,201,504,63.2,9.7,2,1,0
2025-02-19T13:00,21.5,21.1,222,505,60,9.6,1,1,0
2025-02-19T14:00,20.5,20.1,274,510,55.5,9.5,1,1,0
2025-02-19T15:00,23,22.5,319,512,51.9,9.8,3,1,0.1
2025-02-19T16:00,27.4,26.8,342,507,50,10.9,9,2,0.7
2025-02-19T17:00,30.5,29.8,357,499,49,12.3,18,2,1.9
2025-02-19T18:00,25.4,23.6,364,492,48.8,13.8,28,3,3.45
2025-02-19T19:00,23.2,21,356,488,49.9,15.4,40,3,4.75
2025-02-19T20:00,22.6,20.7,339,485,51.8,16.9,52,3,5.2
2025-02-19T21:00,22.9,20.8,331,484,52.5,17.5,61,3,4.65
2025-02-19T22:00,22.4,20.3,324,482,49.3,16.3,65,3,3.35
2025-02-19T23:00,21.3,19.3,327,482,44.9,14.1,66,3,1.85
2025-02-20T00:00,19,18.5,381,490,56.3,19.3,52,1,0.7
2025-02-20T01:00,18.5,18.2,546,512,66.8,17.9,37,1,0.1
2025-02-20T02:00,21.4,21.2,763,542,81.2,16.1,15,0,0
2025-02-20T03:00,29.7,29.7,898,564,91.8,15.6,0,0,0
2025-02-20T04:00,38.8,38.6,882,572,94.8,17.8,0,0,0
2025-02-20T05:00,50.5,50.3,784,572,94.1,21.2,0,1,0
2025-02-20T06:00,57.7,57.3,676,566,93.4,23.5,0,1,0
2025-02-20T07:00,61.2,60.8,570,552,94.3,23.5,0,1,0
2025-02-20T08:00,61.5,61,453,532,95.2,22.3,0,1,0
2025-02-20T09:00,56.6,56,359,515,95,20.8,0,1,0
2025-02-20T10:00,48,47,296,505,93.2,19.2,1,1,0
2025-02-20T11:00,40.6,39.3,256,499,90.2,17.3,3,2,0
2025-02-20T12:00,28.9,27.5,244,497,76.7,12.1,6,2,0
2025-02-20T13:00,25.8,24.1,275,502,73,11.5,5,2,0
2025-02-20T14:00,24.4,22.9,334,511,67.7,10.6,4,2,0
2025-02-20T15:00,26.8,25.3,384,516,62.8,10.2,6,2,0.1
2025-02-20T16:00,29.3,27.9,417,514,59.2,10.7,14,3,0.7
2025-02-20T17:00,28,25.6,439,509,56,11.7,26,5,1.8
2025-02-20T18:00,25.5,21.8,437,502,52.5,12.5,39,6,3.2
2025-02-20T19:00,23.7,19.6,385,491,47.5,12.8,53,7,4.4
2025-02-20T20:00,22.1,17.9,307,478,42.2,12.9,68,8,4.8
2025-02-20T21:00,20.3,16.2,262,469,39.2,12.8,78,8,4.35
2025-02-20T22:00,18.9,14.9,263,467,39.4,12.6,80,8,3.15
2025-02-20T23:00,18.5,14.8,297,469,41.9,12.1,76,7,1.75
2025-02-21T00:00,20.3,17.1,376,479,47.3,12.7,64,6,0.65
2025-02-21T01:00,21.3,18.5,552,503,59,11.3,46,5,0.1
2025-02-21T02:00,22.2,19.8,773,535,74.9,9.3,21,5,0
2025-02-21T03:00,22,19.8,898,557,85.2,7.9,3,4,0
2025-02-21T04:00,21.8,19.6,842,561,84.5,7.6,0,4,0
2025-02-21T05:00,22,20,691,554,78.1,7.8,3,3,0
2025-02-21T06:00,22.2,20.3,556,546,72,8,8,3,0
2025-02-21T07:00,21.5,19.7,480,537,68,7.9,13,3,0
2025-02-21T08:00,19.2,17.2,421,527,64.3,7.7,18,4,0
2025-02-21T09:00,16.8,14.6,367,518,61.5,7.4,22,4,0
2025-02-21T10:00,15.1,12.9,305,511,60.5,6.9,22,4,0
2025-02-21T11:00,13.8,11.6,248,505,60.4,6.3,21,3,0
2025-02-21T12:00,15.6,13.9,225,503,52.5,7,19,3,0
2025-02-21T13:00,13.8,12.2,261,510,52.5,7,17,3,0
2025-02-21T14:00,13,11.4,332,521,52.3,7.1,14,2,0
2025-02-21T15:00,14.6,13,392,528,51,7.3,16,2,0.1
2025-02-21T16:00,18.3,16.8,431,526,48.2,7.8,25,2,0.7
2025-02-21T17:00,20.5,18.7,460,520,44.3,8.5,39,3,1.9
2025-02-21T18:00,19.1,15.6,460,511,39.3,8.9,53,4,3.35
2025-02-21T19:00,16.6,12.7,409,499,31.8,8.9,69,4,4.55
2025-02-21T20:00,15.8,11.5,330,486,23.1,8.6,87,5,4.95
2025-02-21T21:00,15.4,11,276,476,17.5,8.4,98,5,4.5
2025-02-21T22:00,15,10.6,263,471,15.2,8.4,102,5,3.3
2025-02-21T23:00,14.9,10.6,276,470,15.9,8.5,101,5,1.85
2025-02-22T00:00,15.7,13.3,323,475,29.6,11.4,83,4,0.7
2025-02-22T01:00,16.9,14.3,435,490,48,10.9,58,4,0.1
2025-02-22T02:00,20.4,18,580,511,73.1,10.2,25,3,0
2025-02-22T03:00,24.5,22.5,673,528,90.6,9.9,0,3,0
2025-02-22T04:00,28.9,27.1,671,539,93,10.3,0,3,0
2025-02-22T05:00,32.1,30.4,617,546,87.8,10.9,0,3,0
2025-02-22T06:00,33.2,31.5,550,546,82.7,11.3,0,3,0
2025-02-22T07:00,31.9,30.5,474,536,80.6,11.1,0,2,0
2025-02-22T08:00,29.9,29,386,519,78.6,10.6,0,2,0
2025-02-22T09:00,27.1,26.3,312,505,76,10,1,1,0
2025-02-22T10:00,24.2,23.5,255,497,72.2,9.4,2,1,0
2025-02-22T11:00,21.3,20.6,211,492,67.7,8.7,4,1,0
2025-02-22T12:00,18.8,18.2,201,492,66.1,7.8,5,1,0
2025-02-22T13:00,16.5,15.9,248,501,64.6,7.8,4,1,0
2025-02-22T14:00,15.5,14.8,328,516,62.5,7.9,2,1,0
2025-02-22T15:00,17.3,16.6,388,523,60.6,8.3,5,1,0.15
2025-02-22T16:00,22,21.4,410,517,59.5,9.3,14,2,0.75
2025-02-22T17:00,24,23.1,413,505,58.6,10.6,27,2,1.85
2025-02-22T18:00,21.8,19.4,398,493,56.6,12.3,40,3,3.15
2025-02-22T19:00,20.5,17.1,355,483,51.9,14.7,55,3,4.15
2025-02-22T20:00,20.5,16.8,294,473,46.2,17.5,72,3,4.6
2025-02-22T21:00,20.6,17.1,255,467,43,19.6,82,3,4.25
2025-02-22T22:00,20.4,17.2,241,464,42.6,20.5,84,3,3.15
2025-02-22T23:00,20.5,18,248,465,44.6,20.6,80,2,1.8
2025-02-23T00:00,26.6,22.1,301,473,39.5,17,78,5,0.7
2025-02-23T01:00,27.6,24.2,448,494,56.5,16.4,56,5,0.1
2025-02-23T02:00,31,27.9,640,522,79.7,15.6,26,4,0
2025-02-23T03:00,33.1,29.8,760,547,95.8,14.9,4,4,0
2025-02-23T04:00,35.3,32.2,748,567,98,14.7,0,3,0
2025-02-23T05:00,38.6,36.1,663,584,93,14.6,0,3,0
2025-02-23T06:00,42.1,40.2,567,588,87.7,14.1,0,2,0
2025-02-23T07:00,45.1,43.7,466,569,83.8,12.7,0,2,0
2025-02-23T08:00,47.1,46,353,538,79.7,10.9,0,1,0
2025-02-23T09:00,47.5,46.6,266,512,76.7,9.5,0,1,0
2025-02-23T10:00,43.3,42.4,216,499,76.1,8.8,0,1,0
2025-02-23T11:00,38.2,37.4,193,491,76.8,8.4,0,1,0
2025-02-23T12:00,29.9,29.3,202,490,78.9,8.4,5,0,0
2025-02-23T13:00,27.9,27.2,267,499,75.8,8.1,4,0,0
2025-02-23T14:00,26.6,26.1,365,513,71.5,7.9,2,0,0
2025-02-23T15:00,28.6,28.1,428,520,68.2,8.2,5,0,0.15
2025-02-23T16:00,32.5,31.8,422,512,67.3,9.5,15,1,0.8
2025-02-23T17:00,35.7,34.7,381,496,67.3,11.4,29,1,2.15
2025-02-23T18:00,34,31.3,342,483,66.4,13.5,43,2,3.8
2025-02-23T19:00,31.9,28.4,307,475,63.4,16.1,58,2,5.2
2025-02-23T20:00,30.3,26.7,273,469,59.3,18.9,73,3,5.7
2025-02-23T21:00,28.1,24.6,267,468,55.5,20.4,83,3,5.2
2025-02-23T22:00,26.2,23.1,293,472,50.3,19.7,85,3,3.8
2025-02-23T23:00,23.7,21.6,346,481,45.4,17.7,82,3,2.15
2025-02-24T00:00,19.5,19.4,437,495,34.9,18.7,83,0,0.8
2025-02-24T01:00,20.9,20.7,609,520,52.5,18.5,60,0,0.15
2025-02-24T02:00,23.9,23.7,818,551,76.9,18.4,28,0,0
2025-02-24T03:00,30.3,30.2,942,573,95.9,19.2,4,0,0
2025-02-24T04:00,35.4,35.4,912,579,104.4,22,0,0,0
2025-02-24T05:00,42.8,42.8,798,576,107.5,25.7,0,0,0
2025-02-24T06:00,49.2,49.1,682,569,108.6,28.2,0,0,0
2025-02-24T07:00,55.3,55.1,585,557,108,28.4,0,0,0
2025-02-24T08:00,58.3,58,487,540,105.4,27.2,0,1,0
2025-02-24T09:00,57.9,57.5,410,527,102.6,25.6,0,1,0
2025-02-24T10:00,54.9,54.6,358,520,100.6,23.5,0,1,0
2025-02-24T11:00,48.4,48,328,518,98.5,21,0,1,0
2025-02-24T12:00,35,34.1,333,520,90,16.1,1,1,0
2025-02-24T13:00,30.6,29.6,400,533,85.5,15.1,0,1,0
2025-02-24T14:00,28.8,27.8,503,550,79.3,13.8,0,2,0
2025-02-24T15:00,33.2,32,574,560,74,13.6,2,2,0.15
2025-02-24T16:00,38,36.8,585,554,71,15.5,13,2,0.85
2025-02-24T17:00,31.8,29.6,564,539,69,18.4,29,3,2.25
2025-02-24T18:00,26.4,23.9,535,525,66.4,20.6,43,3,3.95
2025-02-24T19:00,24.7,22.5,502,516,63,21.7,54,3,5.35
2025-02-24T20:00,23.3,21.4,461,507,58.9,22,64,3,5.9
2025-02-24T21:00,21.7,20,421,500,53.4,21,72,3,5.35
2025-02-24T22:00,19.8,18.3,366,491,43.1,17.7,80,3,3.95
2025-02-24T23:00,17.1,15.8,312,482,31.3,13.1,85,2,2.2
2025-02-25T00:00,14.6,14.3,321,482,36.7,16,78,0,0.85
2025-02-25T01:00,13.9,13.5,458,499,50,14.6,57,0,0.15
2025-02-25T02:00,17.8,17.6,657,525,68.3,12.7,29,0,0
2025-02-25T03:00,20.8,20.3,780,544,82,11.7,7,0,0
2025-02-25T04:00,26,24.9,755,550,86.1,12.6,0,1,0
2025-02-25T05:00,33.8,32.2,653,550,85.5,14.5,0,2,0
2025-02-25T06:00,41.3,39.3,553,546,85.1,15.9,0,3,0
2025-02-25T07:00,43.3,40.9,476,537,87.5,16.5,0,4,0
2025-02-25T08:00,42.3,39.5,400,525,90.1,16.7,1,5,0
2025-02-25T09:00,40.4,37.5,341,516,89.9,16.3,3,5,0
2025-02-25T10:00,38.1,35.2,303,512,84.8,14.9,5,5,0
2025-02-25T11:00,34.2,31.5,282,510,77,12.8,8,5,0
2025-02-25T12:00,28.6,25.3,277,510,66.1,11.6,10,6,0
2025-02-25T13:00,26.6,23,293,512,62.4,11,8,6,0
2025-02-25T14:00,26,22.3,325,516,57.3,10.3,6,6,0
2025-02-25T15:00,29,25.5,360,517,53.1,10.1,8,6,0.15
2025-02-25T16:00,31.9,28.5,401,513,51.3,11.1,16,7,0.85
2025-02-25T17:00,33.1,28,445,507,50.4,12.6,28,9,2.2
2025-02-25T18:00,31,25.4,466,501,48.8,13.6,40,10,3.85
2025-02-25T19:00,28.3,22.9,449,495,46.1,13.8,52,10,5.2
2025-02-25T20:00,25.8,20.8,410,489,42.6,13.4,64,8,5.7
2025-02-25T21:00,22.2,18,372,483,38.3,12.4,73,7,5.1
2025-02-25T22:00,18.4,15.3,323,475,30,10.2,82,6,3.75
2025-02-25T23:00,16.2,13.7,276,469,20.8,7.2,88,5,2.1
2025-02-26T00:00,12.8,11.8,291,471,39.3,10.6,67,2,0.85
2025-02-26T01:00,13.2,12.1,438,491,51.9,9.6,48,2,0.15
2025-02-26T02:00,15.7,14.4,647,520,69.1,8.3,23,3,0
2025-02-26T03:00,19.3,17.8,777,542,81.2,7.5,4,3,0
2025-02-26T04:00,23.5,21.8,751,548,83.1,7.9,0,3,0
2025-02-26T05:00,28.1,26.2,645,547,79.9,8.8,0,4,0
2025-02-26T06:00,32.7,30.4,546,544,77.4,9.7,0,4,0
2025-02-26T07:00,37.5,34.8,482,541,78.9,10.4,0,4,0
2025-02-26T08:00,38.6,35.6,425,537,81,10.9,2,5,0
2025-02-26T09:00,36.4,33.4,375,533,80.2,11,3,5,0
2025-02-26T10:00,33.2,30.3,325,528,73.6,10.3,5,5,0
2025-02-26T11:00,29.3,26.5,281,522,64,9.1,7,4,0
2025-02-26T12:00,24,21.4,265,519,51.7,8.5,9,5,0
2025-02-26T13:00,21.1,19.3,293,522,49.2,8.3,7,4,0
2025-02-26T14:00,19.6,18.2,349,527,45.7,8.1,5,3,0
2025-02-26T15:00,21.1,20.1,401,530,43.4,8.4,6,2,0.15
2025-02-26T16:00,24.9,24.2,447,529,43.5,9.4,12,2,0.85
2025-02-26T17:00,26.7,25.7,488,526,44.7,10.9,21,2,2.1
2025-02-26T18:00,25,23.1,500,520,45.5,12.4,32,3,3.7
2025-02-26T19:00,23.4,20.7,456,508,44.9,14,46,4,5
2025-02-26T20:00,23.1,20,381,493,43.9,15.6,62,4,5.45
2025-02-26T21:00,23.2,20,329,483,43.8,16.2,72,5,4.95
2025-02-26T22:00,23.1,19.7,304,478,44.5,15.2,74,5,3.65
2025-02-26T23:00,22.6,19,302,478,46.2,13.4,71,6,2.05
2025-02-27T00:00,31,27.4,359,488,47.8,14,72,6,0.8
2025-02-27T01:00,32.5,29.6,544,516,59,12.9,54,6,0.15
2025-02-27T02:00,34,31,788,554,74.2,11.3,30,6,0
2025-02-27T03:00,34.2,31,927,579,83.8,10,12,6,0
2025-02-27T04:00,33.8,30.3,864,582,82.5,9.4,8,6,0
2025-02-27T05:00,34,30.4,694,572,75.6,9.1,10,5,0
2025-02-27T06:00,34,30.5,542,560,69.8,8.9,12,5,0
2025-02-27T07:00,32.7,29.8,448,548,67.6,8.6,11,4,0
2025-02-27T08:00,30.7,28.5,371,534,66.5,8.4,10,4,0
2025-02-27T09:00,27.1,25.5,309,522,65,8.1,9,3,0
2025-02-27T10:00,23.3,22,257,512,62.3,7.6,9,3,0
2025-02-27T11:00,19.6,18.5,220,504,59.2,7.1,8,2,0
2025-02-27T12:00,17.3,15.9,209,499,55.5,6.8,15,2,0
2025-02-27T13:00,14.8,13.2,241,500,54.9,6.8,12,2,0
2025-02-27T14:00,13.4,11.8,299,505,54.1,6.9,9,3,0
2025-02-27T15:00,15.1,13.4,348,507,53,7.2,11,3,0.15
2025-02-27T16:00,18.5,16.6,380,505,51.8,7.9,21,4,0.8
2025-02-27T17:00,22.5,20.9,403,500,50.4,8.9,36,4,2
2025-02-27T18:00,23.2,19.6,401,493,48.1,9.8,51,5,3.4
2025-02-27T19:00,23.1,18.5,352,483,43.4,10.5,69,6,4.4
2025-02-27T20:00,23.5,17.6,278,471,37.8,11.3,87,7,4.75
2025-02-27T21:00,23.8,17.5,230,463,35.5,12,98,8,4.3
2025-02-27T22:00,25.3,19.2,215,459,37.7,13,97,8,3.2
2025-02-27T23:00,28.3,22.8,226,458,43.1,14,89,7,1.85
2025-02-28T00:00,24.2,20.3,292,467,46.8,13.9,86,6,0.8
2025-02-28T01:00,28.5,25.2,482,495,61.5,14.3,65,6,0.15
2025-02-28T02:00,36.7,32.8,728,533,81.6,14.9,37,7,0
2025-02-28T03:00,43.7,39.2,855,555,95.4,15.1,16,7,0
2025-02-28T04:00,39,34.6,750,547,97.1,14.8,11,7,0
2025-02-28T05:00,32.8,28.6,526,524,92.4,14.1,14,6,0
2025-02-28T06:00,32.2,28.3,346,504,87,13.1,17,5,0
2025-02-28T07:00,27.4,24.2,278,494,82.4,11.4,17,5,0
2025-02-28T08:00,26,22.6,255,486,77,9.3,16,4,0
2025-02-28T09:00,26.4,23,238,481,72.3,7.9,15,4,0
2025-02-28T10:00,25.1,22.2,207,476,68.6,7.7,14,4,0
2025-02-28T11:00,23.6,21.1,181,474,65.4,8.2,14,3,0
2025-02-28T12:00,18.2,16.4,180,475,62,7.7,10,3,0
2025-02-28T13:00,16.3,14.8,229,485,60.6,7.9,8,3,0
2025-02-28T14:00,15.3,14,302,499,58.6,8.2,5,2,0
2025-02-28T15:00,16.9,15.7,347,506,55.3,8.8,9,2,0.15
2025-02-28T16:00,20.5,19.5,332,498,50.5,10,25,2,0.8
2025-02-28T17:00,21.9,21,289,482,44.5,11.4,46,2,2
2025-02-28T18:00,18.7,15.9,256,469,38.2,12.3,65,2,3.45
2025-02-28T19:00,20.1,16.1,249,464,30.8,12,77,2,4.65
2025-02-28T20:00,20.3,15.9,251,463,23.1,11,86,3,5.05
2025-02-28T21:00,21.7,16.5,254,462,17.7,10.5,92,3,4.6
2025-02-28T22:00,23.4,17.3,249,460,15.5,10.9,98,4,3.4
2025-02-28T23:00,24.5,17.8,245,458,15.7,11.7,101,5,1.95
2025-03-01T00:00,20.1,15.5,257,458,20,12.3,88,3,0.8
2025-03-01T01:00,21,16.2,298,462,27.6,12.8,75,3,0.15
2025-03-01T02:00,21.6,17.8,354,469,38.1,13.6,57,2,0
2025-03-01T03:00,20.8,17.6,401,477,47.2,14.2,42,2,0
2025-03-01T04:00,20,17.1,432,488,53.4,14.6,32,2,0
2025-03-01T05:00,20.2,17.6,453,500,58.1,14.9,25,1,0
2025-03-01T06:00,21.3,18.7,462,509,60.6,15.3,21,1,0
2025-03-01T07:00,24.7,21.8,454,511,60,15.9,20,1,0
2025-03-01T08:00,24.4,21.1,434,510,57.2,16.7,21,1,0
2025-03-01T09:00,25.1,21.5,414,512,54.7,17.2,23,1,0
2025-03-01T10:00,26.3,22.2,402,522,52.5,17.3,25,1,0
2025-03-01T11:00,26.6,22.4,390,535,50.5,17.1,27,1,0
2025-03-01T12:00,22.8,20,371,538,53.6,14.4,26,1,0
2025-03-01T13:00,22.4,19.6,337,523,54.8,15,25,1,0
2025-03-01T14:00,23.2,20,296,498,56.1,16,25,1,0
2025-03-01T15:00,27,23.3,267,478,54.8,17,27,1,0.1
2025-03-01T16:00,27.5,23.7,260,471,48.8,18.4,34,2,0.55
2025-03-01T17:00,27.1,23.2,264,469,40.2,20,44,2,1.2
2025-03-01T18:00,24,20.4,265,467,32.3,20.6,55,3,2.05
2025-03-01T19:00,19.9,16.9,256,464,26,19.5,67,3,3.45
2025-03-01T20:00,17.8,15,244,462,20.6,17.4,80,2,4.65
2025-03-01T21:00,17.6,14.5,234,460,16.8,15.6,89,2,4.45
2025-03-01T22:00,17.5,14.1,225,457,14.8,14.4,93,2,3.2
2025-03-01T23:00,17.8,14,218,453,14.5,13.4,93,2,1.75
2025-03-02T00:00,26.6,20.5,218,451,16.3,13.5,88,5,0.55
2025-03-02T01:00,28.1,21.7,232,452,20.1,14.5,83,5,0.15
2025-03-02T02:00,28.4,22.2,254,456,25.4,15.8,76,4,0
2025-03-02T03:00,29.9,23.6,268,458,29.8,16.8,69,4,0
2025-03-02T04:00,31,24.6,266,458,32.7,17.4,64,4,0
2025-03-02T05:00,31,24.8,256,457,34.6,17.7,60,4,0
2025-03-02T06:00,32.2,25.9,248,457,35,17.5,57,4,0
2025-03-02T07:00,31.1,24.9,246,459,32.8,16.6,57,4,0
2025-03-02T08:00,30.9,24.6,245,461,29,15.2,60,4,0
2025-03-02T09:00,30,23.8,241,462,26,14.1,61,4,0
2025-03-02T10:00,29.7,23.6,226,460,24.3,13.7,60,4,0
2025-03-02T11:00,30.2,23.6,207,456,23.3,13.5,59,3,0
2025-03-02T12:00,28.8,22.2,205,456,22.2,11.9,64,4,0
2025-03-02T13:00,28.5,22.3,238,464,25.8,12.7,61,4,0
2025-03-02T14:00,29.2,22.6,286,476,30.3,13.6,57,4,0
2025-03-02T15:00,30.5,23.8,313,482,31.5,13.7,57,4,0.1
2025-03-02T16:00,27.5,20.8,297,476,26,12.3,65,3,0.65
2025-03-02T17:00,20.8,15.7,259,465,17.2,10,78,2,1.7
2025-03-02T18:00,13,10.1,224,455,10,7.8,88,1,3.55
2025-03-02T19:00,8.8,6.9,201,450,6.6,6,94,0,5
2025-03-02T20:00,6.4,5,181,448,4.8,4.4,97,0,5.65
2025-03-02T21:00,5.3,4.1,168,446,3.9,3.2,98,0,5.15
2025-03-02T22:00,4.7,3.6,161,445,3.4,2.7,97,0,3.75
2025-03-02T23:00,4.4,3.3,161,445,3.8,2.6,94,0,2.1
2025-03-03T00:00,3.1,2.5,174,447,5.6,3.1,90,0,0.75
2025-03-03T01:00,3.4,2.8,203,450,7.8,3.1,87,0,0.15
2025-03-03T02:00,3.9,3.4,244,456,11,3.2,82,0,0
2025-03-03T03:00,4.2,3.6,298,468,14.2,3.3,77,0,0
2025-03-03T04:00,4.3,3.7,385,494,17.9,3.7,71,0,0
2025-03-03T05:00,4.9,4.3,485,526,21.7,4.1,65,0,0
2025-03-03T06:00,6.1,5.5,532,544,23.6,4.4,60,0,0
2025-03-03T07:00,7,6.4,482,535,22.4,4.3,58,0,0
2025-03-03T08:00,6.4,5.7,380,513,19.3,4,59,0,0
2025-03-03T09:00,6.6,5.8,297,495,16.6,3.8,59,0,0
2025-03-03T10:00,6.3,5.5,259,488,14.5,3.7,59,0,0
2025-03-03T11:00,6.1,5.3,240,486,12.8,3.6,59,0,0
2025-03-03T12:00,8.5,7.4,235,485,24.3,4.7,43,0,0
2025-03-03T13:00,7.6,6.7,255,486,26.8,5.2,41,0,0
2025-03-03T14:00,7.7,6.9,289,487,30,5.9,38,0,0
2025-03-03T15:00,9.6,8.8,304,485,30.1,6.2,39,0,0.15
2025-03-03T16:00,7.4,6.6,277,475,24.4,5.8,48,1,0.75
2025-03-03T17:00,5.3,4.3,229,461,15.7,5,60,1,1.8
2025-03-03T18:00,5.4,3.7,193,450,8.9,4.3,71,2,2.8
2025-03-03T19:00,5.5,3.4,181,446,6,3.7,78,2,4.15
2025-03-03T20:00,5.1,3.2,180,447,5,3.2,83,2,4.4
2025-03-03T21:00,4.6,2.9,181,447,4.6,2.8,87,2,4.5
2025-03-03T22:00,4.5,2.8,182,447,3.6,2.7,91,2,3.5
2025-03-03T23:00,4.9,2.9,185,447,3.3,2.8,94,3,2.1
2025-03-04T00:00,7.4,4.1,192,448,6.1,3.1,90,5,0.85
2025-03-04T01:00,7.9,4.4,201,449,11.9,3.2,81,6,0.15
2025-03-04T02:00,9.7,5.9,215,452,20.2,3.4,68,7,0
2025-03-04T03:00,12.1,7.5,240,458,28,3.7,56,8,0
2025-03-04T04:00,13.8,8.6,294,472,34.2,4,46,8,0
2025-03-04T05:00,15.3,10.3,360,491,40,4.4,37,8,0
2025-03-04T06:00,16.3,11.6,396,501,46,4.9,28,8,0
2025-03-04T07:00,17.9,13.3,374,496,53,5.3,17,8,0
2025-03-04T08:00,21.5,16.5,321,484,60.2,5.8,7,8,0
2025-03-04T09:00,25.1,20.1,277,475,65.3,6.5,0,8,0
2025-03-04T10:00,25.7,20.7,252,473,67.2,7.8,0,8,0
2025-03-04T11:00,24.6,20.1,235,474,67,9.3,2,7,0
2025-03-04T12:00,20.2,18.2,234,476,69.4,10.2,0,3,0
2025-03-04T13:00,19.6,17,264,482,68.3,10.3,0,3,0
2025-03-04T14:00,19,16.4,309,488,66.3,10.4,1,3,0
2025-03-04T15:00,23.2,19.8,331,490,60.9,10.8,7,3,0.15
2025-03-04T16:00,20.9,16.9,305,480,48.8,11.5,22,3,0.65
2025-03-04T17:00,19.8,14.8,256,466,33.4,12.3,42,4,1.9
2025-03-04T18:00,20.5,14.9,222,455,22,13.2,59,4,3.8
2025-03-04T19:00,21.6,15.5,220,454,18.2,14.2,69,4,5.45
2025-03-04T20:00,21.7,15.9,232,457,18.5,15.2,75,5,6.05
2025-03-04T21:00,21.6,16.2,245,460,19.4,15.8,79,5,5.4
2025-03-04T22:00,21.4,16.3,255,462,19.2,15.8,82,5,4
2025-03-04T23:00,20.5,15.9,266,464,19.5,15.5,83,4,2.3
